,Unnamed: 0,Unnamed: 0.1,longitude,latitude,distance,coords
0,0,0,-85.8,30.2,1904.0785203618304,"30.2, -85.8"
1,1,1,-85.7,30.2,110.576316107801,"30.2, -85.7"
2,2,2,-82.8,27.7,8750.65483133986,"27.7, -82.8"
3,3,3,-82.8,27.8,99.7389593044632,"27.8, -82.8"
4,4,4,-82.8,27.9,3525.214608659451,"27.9, -82.8"
5,5,5,-82.8,28.0,606.175444173217,"28.0, -82.8"
6,6,6,-82.8,28.1,1980.3209055047696,"28.1, -82.8"
7,7,7,-82.8,28.2,1228.7240077619301,"28.2, -82.8"
8,8,8,-82.7,27.5,289.682647323896,"27.5, -82.7"
9,9,9,-82.7,27.8,5868.72937647774,"27.8, -82.7"
10,10,10,-82.7,27.9,5938.3257623706895,"27.9, -82.7"
11,11,11,-82.7,28.0,1582.8947426379502,"28.0, -82.7"
12,12,12,-82.7,28.1,941.819689753161,"28.1, -82.7"
13,13,13,-82.7,28.2,1005.1081142981799,"28.2, -82.7"
14,14,14,-82.7,28.3,1095.6380606578,"28.3, -82.7"
15,15,15,-82.6,27.3,5544.469214996279,"27.3, -82.6"
16,16,16,-82.6,27.4,2193.4325930063897,"27.4, -82.6"
17,17,17,-82.6,27.5,96.07759400167559,"27.5, -82.6"
18,18,18,-82.6,27.8,13506.297459658601,"27.8, -82.6"
19,19,19,-82.6,27.9,2616.19455850853,"27.9, -82.6"
20,20,20,-82.6,28.0,19.498614369727,"28.0, -82.6"
21,21,21,-82.6,28.1,7310.185604814829,"28.1, -82.6"
22,22,22,-82.6,28.9,167.478844399512,"28.9, -82.6"
23,23,23,-82.5,27.1,3965.86779065416,"27.1, -82.5"
24,24,24,-82.5,27.2,378.19863527062597,"27.2, -82.5"
25,25,25,-82.5,27.3,1306.4220323647999,"27.3, -82.5"
26,26,26,-82.5,27.4,6245.926865082889,"27.4, -82.5"
27,27,27,-82.5,27.5,378.641464004146,"27.5, -82.5"
28,28,28,-82.5,27.9,1085.32783006681,"27.9, -82.5"
29,29,29,-82.5,28.0,2550.8975299845897,"28.0, -82.5"
30,30,30,-82.5,28.1,9497.59374461157,"28.1, -82.5"
31,31,31,-82.5,28.2,20353.6879908196,"28.2, -82.5"
32,32,32,-82.4,27.1,3511.87650780414,"27.1, -82.4"
33,33,33,-82.4,27.3,10819.124040445,"27.3, -82.4"
34,34,34,-82.4,27.7,9209.29512702345,"27.7, -82.4"
35,35,35,-82.4,27.8,8.186111681853,"27.8, -82.4"
36,36,36,-82.4,27.9,839.912474687426,"27.9, -82.4"
37,37,37,-82.4,28.0,1595.72403583933,"28.0, -82.4"
38,38,38,-82.4,28.1,3074.27375343026,"28.1, -82.4"
39,39,39,-82.4,28.2,19161.367357771,"28.2, -82.4"
40,40,40,-82.4,29.0,7002.27992307834,"29.0, -82.4"
41,41,41,-82.3,27.1,2500.1145470499105,"27.1, -82.3"
42,42,42,-82.3,27.3,20049.7228824747,"27.3, -82.3"
43,43,43,-82.3,27.8,6895.779018866229,"27.8, -82.3"
44,44,44,-82.3,27.9,1586.8329492454502,"27.9, -82.3"
45,45,45,-82.3,28.0,5360.0607641033,"28.0, -82.3"
46,46,46,-82.3,28.1,5833.403447907939,"28.1, -82.3"
47,47,47,-82.3,28.2,22451.4617912988,"28.2, -82.3"
48,48,48,-82.3,28.6,29038.326133389102,"28.6, -82.3"
49,49,49,-82.2,27.3,26858.0818983483,"27.3, -82.2"
50,50,50,-82.2,28.2,19945.1530905933,"28.2, -82.2"
51,51,51,-82.2,28.5,134847.643049483,"28.5, -82.2"
52,52,52,-82.2,28.6,132403.71344813198,"28.6, -82.2"
53,53,53,-82.1,27.0,1691.8153018060998,"27.0, -82.1"
54,54,54,-82.1,28.0,136650.450004085,"28.0, -82.1"
55,55,55,-82.0,26.9,5145.0172153015,"26.9, -82.0"
56,56,56,-82.0,27.4,78390.1732845339,"27.4, -82.0"
57,57,57,-82.0,28.0,128979.938446431,"28.0, -82.0"
58,58,58,-81.9,27.5,86774.754341052,"27.5, -81.9"
59,59,59,-81.8,26.4,3470.0405328230104,"26.4, -81.8"
60,60,60,-81.8,27.6,87977.85523135061,"27.6, -81.8"
61,61,61,-81.8,30.3,12986.243264778,"30.3, -81.8"
62,62,62,-81.6,28.5,77705.1320912852,"28.5, -81.6"
63,63,63,-81.5,28.1,80857.8557208324,"28.1, -81.5"
64,64,64,-81.5,28.5,68130.40490556309,"28.5, -81.5"
65,65,65,-81.5,28.6,66030.35534066231,"28.6, -81.5"
66,66,66,-81.5,30.3,5351.91583107731,"30.3, -81.5"
67,67,67,-81.4,28.6,56411.2222312211,"28.6, -81.4"
68,68,68,-81.3,28.2,58540.3782595983,"28.2, -81.3"
69,69,69,-81.3,28.6,46849.16583624679,"28.6, -81.3"
70,70,70,-81.3,28.8,2255.62139588746,"28.8, -81.3"
71,71,71,-81.3,29.9,5114.71436229348,"29.9, -81.3"
72,72,72,-81.0,29.3,39700.62270030991,"29.3, -81.0"
73,73,73,-80.9,27.3,9373.8493707672,"27.3, -80.9"
74,74,74,-80.7,28.3,44.0462427040353,"28.3, -80.7"
75,75,75,-80.5,27.8,609.290238228097,"27.8, -80.5"
76,76,76,-80.4,25.7,9295.28548416047,"25.7, -80.4"
77,77,77,-80.4,25.8,7555.08949726922,"25.8, -80.4"
78,78,78,-80.3,25.7,2253.02419622643,"25.7, -80.3"
79,79,79,-80.3,25.8,900.053892360683,"25.8, -80.3"
80,80,80,-80.3,25.9,1489.70554041362,"25.9, -80.3"
81,81,81,-80.3,26.0,2036.9956510111301,"26.0, -80.3"
82,82,82,-80.3,26.2,6007.09049477675,"26.2, -80.3"
83,83,83,-80.2,25.8,1340.29290905207,"25.8, -80.2"
84,84,84,-80.2,25.9,482.070850206742,"25.9, -80.2"
85,85,85,-80.2,26.2,1107.4714963921301,"26.2, -80.2"
86,86,86,-80.2,26.3,3246.62249859541,"26.3, -80.2"
87,87,87,-80.1,25.9,2204.0755567311107,"25.9, -80.1"
88,88,88,-87.5,30.3,1467.72704011974,"30.3, -87.5"
89,89,89,-87.4,30.3,140.8844604673,"30.3, -87.4"
90,90,90,-87.4,30.4,24.926992834582,"30.4, -87.4"
91,91,91,-87.4,30.5,2408.73213879096,"30.5, -87.4"
92,92,92,-87.4,30.6,12002.883798557801,"30.6, -87.4"
93,93,93,-87.4,30.7,17795.996220124598,"30.7, -87.4"
94,94,94,-87.3,30.4,2017.07596047969,"30.4, -87.3"
95,95,95,-87.3,30.5,7507.610651066959,"30.5, -87.3"
96,96,96,-87.3,30.6,4924.751107859821,"30.6, -87.3"
97,97,97,-87.3,30.9,32674.536002307002,"30.9, -87.3"
98,98,98,-87.2,30.3,5021.06754512456,"30.3, -87.2"
99,99,99,-87.2,30.4,646.585936706387,"30.4, -87.2"
100,100,100,-87.2,30.5,3222.91218716848,"30.5, -87.2"
101,101,101,-87.2,30.6,1044.0944237374301,"30.6, -87.2"
102,102,102,-87.2,30.7,10966.6785017006,"30.7, -87.2"
103,103,103,-87.1,30.3,7555.91558753116,"30.3, -87.1"
104,104,104,-87.1,30.4,559.3736439602179,"30.4, -87.1"
105,105,105,-87.1,30.5,128.350604944227,"30.5, -87.1"
106,106,106,-87.1,30.6,5594.27373196624,"30.6, -87.1"
107,107,107,-87.1,30.8,18935.8301062336,"30.8, -87.1"
108,108,108,-87.0,30.4,969.071549792003,"30.4, -87.0"
109,109,109,-87.0,30.5,678.698001476693,"30.5, -87.0"
110,110,110,-87.0,30.6,841.5752615036058,"30.6, -87.0"
111,111,111,-87.0,30.7,5678.011563618771,"30.7, -87.0"
112,112,112,-87.0,30.8,16737.1965582107,"30.8, -87.0"
113,113,113,-86.9,30.4,116.56421202665001,"30.4, -86.9"
114,114,114,-86.9,30.5,4936.52671481933,"30.5, -86.9"
115,115,115,-86.9,30.6,7102.76502197218,"30.6, -86.9"
116,116,116,-86.9,30.8,19637.527142242,"30.8, -86.9"
117,117,117,-86.8,30.4,663.9339113309089,"30.4, -86.8"
118,118,118,-86.8,30.6,15955.5243159368,"30.6, -86.8"
119,119,119,-86.8,30.7,20322.5880986251,"30.7, -86.8"
120,120,120,-86.7,30.4,117.70767083354099,"30.4, -86.7"
121,121,121,-86.7,30.5,9430.281819447679,"30.5, -86.7"
122,122,122,-86.7,30.7,26857.4300115775,"30.7, -86.7"
123,123,123,-86.6,30.4,26.294837009257,"30.4, -86.6"
124,124,124,-86.6,30.5,2755.3190685003497,"30.5, -86.6"
125,125,125,-86.6,30.7,21888.3175584862,"30.7, -86.6"
126,126,126,-86.6,30.8,32213.345990848906,"30.8, -86.6"
127,127,127,-86.5,30.4,674.520988038019,"30.4, -86.5"
128,128,128,-86.5,30.5,170.699416492265,"30.5, -86.5"
129,129,129,-86.5,30.7,19629.5461557348,"30.7, -86.5"
130,130,130,-86.5,30.8,30724.7204413425,"30.8, -86.5"
131,131,131,-86.4,30.4,90.9299042276743,"30.4, -86.4"
132,132,132,-86.4,30.5,1700.66281021375,"30.5, -86.4"
133,133,133,-86.4,30.8,32145.5940398738,"30.8, -86.4"
134,134,134,-86.4,30.9,42872.9203086711,"30.9, -86.4"
135,135,135,-86.3,30.4,170.038138359124,"30.4, -86.3"
136,136,136,-86.3,30.7,22833.5267153227,"30.7, -86.3"
137,137,137,-86.3,30.8,33716.5881751929,"30.8, -86.3"
138,138,138,-86.2,30.3,3911.50411107204,"30.3, -86.2"
139,139,139,-86.2,30.4,209.736939232377,"30.4, -86.2"
140,140,140,-86.2,30.5,28.138056449926506,"30.5, -86.2"
141,141,141,-86.2,30.8,32335.0239388319,"30.8, -86.2"
142,142,142,-86.1,30.3,743.8412697458099,"30.3, -86.1"
143,143,143,-86.1,30.4,2721.3791996618897,"30.4, -86.1"
144,144,144,-86.1,30.5,3265.134662565961,"30.5, -86.1"
145,145,145,-86.0,30.3,1339.21942071815,"30.3, -86.0"
146,146,146,-86.0,30.4,6578.600607787621,"30.4, -86.0"
147,147,147,-86.0,30.7,26446.5262551407,"30.7, -86.0"
148,148,148,-86.0,30.9,47045.9381295085,"30.9, -86.0"
149,149,149,-85.9,30.2,2551.7167630732397,"30.2, -85.9"
150,150,150,-85.9,30.3,1447.71867660719,"30.3, -85.9"
151,151,151,-85.9,30.4,9377.45944987328,"30.4, -85.9"
152,152,152,-85.9,30.5,13591.2804123851,"30.5, -85.9"
153,153,153,-85.9,30.7,30322.1052027562,"30.7, -85.9"
154,154,154,-85.9,30.9,50552.5340212046,"30.9, -85.9"
155,155,155,-85.9,31.0,60705.894976418895,"31.0, -85.9"
156,156,156,-85.8,30.1,10634.0162340662,"30.1, -85.8"
157,157,158,-85.8,30.6,27563.9930747249,"30.6, -85.8"
158,158,159,-85.8,30.7,35352.714136091,"30.7, -85.8"
159,159,160,-85.8,30.8,44564.98096326429,"30.8, -85.8"
160,160,161,-85.7,30.1,119.543860955881,"30.1, -85.7"
161,161,163,-85.7,30.3,3489.0838547479493,"30.3, -85.7"
162,162,164,-85.7,30.6,31993.587492423998,"30.6, -85.7"
163,163,165,-85.7,30.8,49996.21257294231,"30.8, -85.7"
164,164,166,-85.6,30.1,764.725000270746,"30.1, -85.6"
165,165,167,-85.6,30.2,3034.95874967276,"30.2, -85.6"
166,166,168,-85.6,30.3,299.388009708339,"30.3, -85.6"
167,167,169,-85.5,30.1,3905.6733495809294,"30.1, -85.5"
168,168,170,-85.5,30.3,5327.41642007208,"30.3, -85.5"
169,169,171,-85.5,30.9,65288.703454283495,"30.9, -85.5"
170,170,172,-85.4,29.8,844.392411548154,"29.8, -85.4"
171,171,173,-85.4,29.9,2657.49466268062,"29.9, -85.4"
172,172,174,-85.4,30.0,2204.33962303726,"30.0, -85.4"
173,173,175,-85.3,29.7,823.3441100365933,"29.7, -85.3"
174,174,176,-85.3,29.8,131.136353738102,"29.8, -85.3"
175,175,177,-85.3,29.9,4512.88918773076,"29.9, -85.3"
176,176,178,-85.3,30.0,6724.17696635984,"30.0, -85.3"
177,177,179,-85.3,30.5,33695.8095541874,"30.5, -85.3"
178,178,180,-85.2,29.7,202.763301759926,"29.7, -85.2"
179,179,181,-85.2,30.0,13522.721903141899,"30.0, -85.2"
180,180,182,-85.2,30.1,19330.6115422187,"30.1, -85.2"
181,181,183,-85.2,30.2,22488.1952542645,"30.2, -85.2"
182,182,184,-85.2,30.3,29743.641461158706,"30.3, -85.2"
183,183,185,-85.2,30.5,41445.60755428871,"30.5, -85.2"
184,184,186,-85.2,30.7,56149.9063817289,"30.7, -85.2"
185,185,187,-85.2,30.8,64981.1527656679,"30.8, -85.2"
186,186,188,-85.1,29.9,8393.07803895887,"29.9, -85.1"
187,187,189,-85.1,30.1,27065.047019525096,"30.1, -85.1"
188,188,190,-85.1,30.4,44420.154689005896,"30.4, -85.1"
189,189,191,-85.1,30.5,49591.74506348741,"30.5, -85.1"
190,190,192,-85.0,29.7,1467.29093065948,"29.7, -85.0"
191,191,193,-85.0,29.8,232.140055603709,"29.8, -85.0"
192,192,194,-85.0,30.4,51196.97700319201,"30.4, -85.0"
193,193,195,-84.9,29.6,4091.66421767021,"29.6, -84.9"
194,194,196,-84.9,29.7,4234.16372681744,"29.7, -84.9"
195,195,197,-84.9,29.8,632.874132140259,"29.8, -84.9"
196,196,198,-84.8,29.7,587.444819787587,"29.7, -84.8"
197,197,199,-84.8,30.7,85649.19632590571,"30.7, -84.8"
198,198,200,-84.7,29.8,2201.60610322817,"29.8, -84.7"
199,199,201,-84.7,29.9,2917.03574555034,"29.9, -84.7"
200,200,202,-84.6,29.8,6853.95497458824,"29.8, -84.6"
201,201,203,-84.6,29.9,917.8745287504788,"29.9, -84.6"
202,202,204,-84.6,30.6,24373.3471239618,"30.6, -84.6"
203,203,205,-84.5,30.1,6937.5136333850705,"30.1, -84.5"
204,204,206,-84.4,29.9,24.4529446386167,"29.9, -84.4"
205,205,207,-84.4,30.0,732.572948521478,"30.0, -84.4"
206,206,208,-84.4,30.2,13586.2817712559,"30.2, -84.4"
207,207,209,-84.3,30.0,4563.9288908936,"30.0, -84.3"
208,208,210,-84.3,30.1,1331.06902782532,"30.1, -84.3"
209,209,211,-84.3,30.2,3440.848734469421,"30.2, -84.3"
210,210,212,-84.3,30.3,6909.36754163165,"30.3, -84.3"
211,211,213,-84.3,30.4,9445.997976717908,"30.4, -84.3"
212,212,214,-84.3,30.5,479.235058451288,"30.5, -84.3"
213,213,215,-84.3,30.7,12080.5896430614,"30.7, -84.3"
214,214,216,-84.2,30.2,2011.53092577132,"30.2, -84.2"
215,215,217,-84.2,30.3,7292.77599572078,"30.3, -84.2"
216,216,218,-84.0,30.1,593.408340941237,"30.1, -84.0"
217,217,219,-83.7,29.9,2575.30787631644,"29.9, -83.7"
218,218,220,-83.6,29.8,1080.86589120718,"29.8, -83.6"
219,219,221,-83.6,30.1,15638.4697908527,"30.1, -83.6"
220,220,222,-83.6,30.2,22154.773318535,"30.2, -83.6"
221,221,223,-83.4,29.7,2690.05948211404,"29.7, -83.4"
222,222,224,-83.4,30.5,60312.4240092116,"30.5, -83.4"
223,223,225,-83.3,29.4,4075.9753149818707,"29.4, -83.3"
224,224,226,-83.3,29.5,2250.8992142799802,"29.5, -83.3"
225,225,227,-83.3,30.4,58284.937188736396,"30.4, -83.3"
226,226,228,-83.3,30.6,74898.2856402694,"30.6, -83.3"
227,227,229,-83.2,29.5,6491.874919541618,"29.5, -83.2"
228,228,230,-83.2,29.6,16972.4240700534,"29.6, -83.2"
229,229,231,-83.2,30.0,28701.0761087497,"30.0, -83.2"
230,230,232,-83.2,30.1,39006.3513881396,"30.1, -83.2"
231,231,233,-83.2,30.2,49654.9784361134,"30.2, -83.2"
232,232,234,-83.2,30.4,65768.1757590635,"30.4, -83.2"
233,233,235,-83.1,29.3,667.489196280224,"29.3, -83.1"
234,234,236,-83.1,29.6,12276.7115685699,"29.6, -83.1"
235,235,237,-83.1,30.1,43051.1767764386,"30.1, -83.1"
236,236,238,-83.1,30.3,63145.5295182712,"30.3, -83.1"
237,237,239,-83.1,30.6,87449.878540395,"30.6, -83.1"
238,238,240,-83.0,29.1,7043.93699809711,"29.1, -83.0"
239,239,241,-83.0,29.2,2155.20041166278,"29.2, -83.0"
240,240,242,-83.0,29.4,1885.4480603069296,"29.4, -83.0"
241,241,243,-83.0,29.5,1446.7949278926699,"29.5, -83.0"
242,242,244,-83.0,29.6,2813.5869034430298,"29.6, -83.0"
243,243,245,-83.0,30.0,40917.8111049154,"30.0, -83.0"
244,244,246,-83.0,30.3,67113.35237639019,"30.3, -83.0"
245,245,247,-83.0,30.5,87305.8779346167,"30.5, -83.0"
246,246,248,-82.9,29.5,7004.0781332650095,"29.5, -82.9"
247,247,249,-82.9,29.7,10820.966188581899,"29.7, -82.9"
248,248,250,-82.9,29.8,20599.1516272766,"29.8, -82.9"
249,249,251,-82.9,29.9,31273.5806982791,"29.9, -82.9"
250,250,252,-82.9,30.0,48771.320136234695,"30.0, -82.9"
251,251,253,-82.9,30.2,63384.5528718786,"30.2, -82.9"
252,252,254,-82.9,30.4,81497.7681392081,"30.4, -82.9"
253,253,255,-82.9,30.5,91232.6739552457,"30.5, -82.9"
254,254,262,-82.8,29.6,12824.0639939235,"29.6, -82.8"
255,255,263,-82.8,29.9,34720.7759826717,"29.9, -82.8"
256,256,264,-82.8,30.3,78067.6527684282,"30.3, -82.8"
257,257,265,-82.7,27.4,3618.4405226134004,"27.4, -82.7"
258,258,267,-82.7,27.7,1482.32500596617,"27.7, -82.7"
259,259,273,-82.7,28.8,47.95758846506778,"28.8, -82.7"
260,260,274,-82.7,29.0,480.851425099648,"29.0, -82.7"
261,261,275,-82.7,29.9,40243.32734312,"29.9, -82.7"
262,262,276,-82.7,30.1,58864.577613223795,"30.1, -82.7"
263,263,277,-82.7,30.2,77336.3183141675,"30.2, -82.7"
264,264,281,-82.6,27.7,6871.7870363127395,"27.7, -82.6"
265,265,285,-82.6,28.2,10572.2203413182,"28.2, -82.6"
266,266,286,-82.6,28.3,10851.49473181,"28.3, -82.6"
267,267,287,-82.6,28.5,2166.77619374862,"28.5, -82.6"
268,268,288,-82.6,28.8,61.65780122312661,"28.8, -82.6"
269,269,290,-82.6,29.8,39485.7982477615,"29.8, -82.6"
270,270,291,-82.6,30.2,73185.8129950413,"30.2, -82.6"
271,271,297,-82.5,27.6,4397.67358201008,"27.6, -82.5"
272,272,302,-82.5,28.7,7611.087534361371,"28.7, -82.5"
273,273,303,-82.4,26.9,4631.07089474205,"26.9, -82.4"
274,274,304,-82.4,27.0,528.90161396335,"27.0, -82.4"
275,275,312,-82.4,28.3,27977.1676770937,"28.3, -82.4"
276,276,313,-82.4,28.7,17245.6026180511,"28.7, -82.4"
277,277,315,-82.4,29.6,51492.71824088191,"29.6, -82.4"
278,278,316,-82.4,29.7,52814.6683162561,"29.7, -82.4"
279,279,317,-82.4,29.9,61681.97549670281,"29.9, -82.4"
280,280,318,-82.4,30.0,68425.0063490157,"30.0, -82.4"
281,281,319,-82.3,26.9,655.2110586328009,"26.9, -82.3"
282,282,326,-82.3,28.4,30708.4935679932,"28.4, -82.3"
283,283,327,-82.3,28.7,26958.785860582404,"28.7, -82.3"
284,284,328,-82.3,28.8,28049.4920191396,"28.8, -82.3"
285,285,329,-82.3,28.9,25026.9686461064,"28.9, -82.3"
286,286,330,-82.3,29.0,14243.537736778899,"29.0, -82.3"
287,287,331,-82.3,30.0,40986.7455642229,"30.0, -82.3"
288,288,333,-82.2,27.9,6015.21264139923,"27.9, -82.2"
289,289,335,-82.2,28.3,139932.4641554,"28.3, -82.2"
290,290,338,-82.2,28.9,23691.1707075319,"28.9, -82.2"
291,291,339,-82.2,29.9,34672.3123102955,"29.9, -82.2"
292,292,340,-82.2,30.3,39550.7572525289,"30.3, -82.2"
293,293,341,-82.1,26.4,2719.49653397549,"26.4, -82.1"
294,294,342,-82.1,26.6,118.369557613132,"26.6, -82.1"
295,295,343,-82.1,26.9,4967.805669410251,"26.9, -82.1"
296,296,344,-82.1,27.9,130224.30702265301,"27.9, -82.1"
297,297,345,-82.1,28.7,121157.18198059301,"28.7, -82.1"
298,298,346,-82.1,29.8,33990.2495174679,"29.8, -82.1"
299,299,347,-82.1,29.9,26349.686861067203,"29.9, -82.1"
300,300,348,-82.1,30.0,21902.8517515386,"30.0, -82.1"
301,301,349,-82.1,30.3,32511.7047529906,"30.3, -82.1"
302,302,350,-82.0,27.1,1299.25688542321,"27.1, -82.0"
303,303,352,-82.0,28.1,127156.31934491199,"28.1, -82.0"
304,304,353,-82.0,28.9,110845.46405696901,"28.9, -82.0"
305,305,354,-82.0,29.7,39245.5604738671,"29.7, -82.0"
306,306,355,-82.0,30.2,17830.4431710477,"30.2, -82.0"
307,307,356,-81.9,26.4,4391.12869994467,"26.4, -81.9"
308,308,357,-81.9,26.6,516.008736711009,"26.6, -81.9"
309,309,358,-81.9,26.7,6437.54256248291,"26.7, -81.9"
310,310,359,-81.9,27.2,1090.7426674074,"27.2, -81.9"
311,311,360,-81.9,27.3,65003.5947852139,"27.3, -81.9"
312,312,361,-81.9,28.0,121419.944878091,"28.0, -81.9"
313,313,362,-81.9,28.1,117755.183814771,"28.1, -81.9"
314,314,363,-81.9,30.0,4671.04077070031,"30.0, -81.9"
315,315,364,-81.9,30.1,3157.9993166767,"30.1, -81.9"
316,316,365,-81.9,30.3,14445.1249230505,"30.3, -81.9"
317,317,366,-81.8,24.5,4908.9390188283705,"24.5, -81.8"
318,318,367,-81.8,24.6,79.7017184455398,"24.6, -81.8"
319,319,368,-81.8,26.1,22.9746703212668,"26.1, -81.8"
320,320,369,-81.8,26.2,885.376505581311,"26.2, -81.8"
321,321,370,-81.8,26.3,1261.7812637064699,"26.3, -81.8"
322,322,371,-81.8,26.7,459.327132257315,"26.7, -81.8"
323,323,372,-81.8,26.8,9195.69214051176,"26.8, -81.8"
324,324,374,-81.8,28.0,112312.23541834301,"28.0, -81.8"
325,325,375,-81.8,28.5,96924.9019058409,"28.5, -81.8"
326,326,376,-81.8,30.1,13163.8653185923,"30.1, -81.8"
327,327,378,-81.8,30.4,15911.3838005832,"30.4, -81.8"
328,328,379,-81.7,24.6,199.52255284284803,"24.6, -81.7"
329,329,380,-81.7,26.1,4387.47355700983,"26.1, -81.7"
330,330,381,-81.7,27.5,73296.20901104099,"27.5, -81.7"
331,331,382,-81.7,28.0,103186.343971816,"28.0, -81.7"
332,332,383,-81.7,28.1,99135.6421044253,"28.1, -81.7"
333,333,384,-81.7,30.2,5207.27696787974,"30.2, -81.7"
334,334,385,-81.7,30.3,3645.1786077478996,"30.3, -81.7"
335,335,386,-81.7,30.4,75.68632066536809,"30.4, -81.7"
336,336,387,-81.6,24.6,21.111243626213,"24.6, -81.6"
337,337,388,-81.6,30.1,2521.7200630354,"30.1, -81.6"
338,338,389,-81.6,30.2,2002.1018868295398,"30.2, -81.6"
339,339,390,-81.6,30.3,464.27638581347395,"30.3, -81.6"
340,340,391,-81.6,30.4,1151.11311650639,"30.4, -81.6"
341,341,392,-81.6,30.5,2670.74002738216,"30.5, -81.6"
342,342,393,-81.5,24.6,2812.69823333657,"24.6, -81.5"
343,343,394,-81.5,24.7,429.074413597135,"24.7, -81.5"
344,344,395,-81.5,27.6,62802.75738335941,"27.6, -81.5"
345,345,396,-81.5,28.4,70826.97018721809,"28.4, -81.5"
346,346,398,-81.5,30.5,156.63715152204398,"30.5, -81.5"
347,347,399,-81.4,24.6,2375.01507377314,"24.6, -81.4"
348,348,400,-81.4,24.7,742.459982448684,"24.7, -81.4"
349,349,401,-81.4,28.5,58617.6198944642,"28.5, -81.4"
350,350,403,-81.4,28.7,53693.9294870487,"28.7, -81.4"
351,351,404,-81.4,30.2,787.68766119912,"30.2, -81.4"
352,352,405,-81.4,30.3,2310.7105403300893,"30.3, -81.4"
353,353,406,-81.3,24.6,5495.08714234405,"24.6, -81.3"
354,354,407,-81.3,24.7,1626.1165045050598,"24.7, -81.3"
355,355,408,-81.3,28.7,44248.9091567365,"28.7, -81.3"
356,356,411,-81.2,24.7,1910.47760718833,"24.7, -81.2"
357,357,412,-81.1,24.7,58.0841523395795,"24.7, -81.1"
358,358,413,-81.1,29.3,31118.3604886916,"29.3, -81.1"
359,359,414,-81.0,24.7,2696.3419418582002,"24.7, -81.0"
360,360,415,-81.0,24.8,4543.78638591599,"24.8, -81.0"
361,361,416,-81.0,27.9,41629.3985785523,"27.9, -81.0"
362,362,417,-81.0,29.2,35939.6010920595,"29.2, -81.0"
363,363,419,-80.9,24.8,1303.7335393537,"24.8, -80.9"
364,364,420,-80.9,26.8,19103.6156191765,"26.8, -80.9"
365,365,421,-80.9,28.8,13682.293753528602,"28.8, -80.9"
366,366,422,-80.8,24.8,1281.67943630373,"24.8, -80.8"
367,367,423,-80.7,24.8,6357.95180880062,"24.8, -80.7"
368,368,424,-80.7,24.9,224.32444188802003,"24.9, -80.7"
369,369,425,-80.7,28.0,10283.1400764931,"28.0, -80.7"
370,370,426,-80.6,24.9,3599.64111618449,"24.9, -80.6"
371,371,427,-80.6,25.0,798.0902292946021,"25.0, -80.6"
372,372,428,-80.5,25.0,1625.38512461379,"25.0, -80.5"
373,373,429,-80.5,25.1,331.170796657738,"25.1, -80.5"
374,374,430,-80.5,25.4,4910.61930664267,"25.4, -80.5"
375,375,431,-80.5,25.5,5993.62521064449,"25.5, -80.5"
376,376,432,-80.4,25.1,668.015401868081,"25.1, -80.4"
377,377,433,-80.4,25.2,794.2662211596802,"25.2, -80.4"
378,378,435,-80.4,25.9,5503.962942132629,"25.9, -80.4"
379,379,436,-80.3,25.6,890.706373244781,"25.6, -80.3"
380,380,441,-80.3,26.1,4377.5409810181,"26.1, -80.3"
381,381,443,-80.3,27.2,164.890186383985,"27.2, -80.3"
382,382,444,-80.3,27.6,6344.95961983329,"27.6, -80.3"
383,383,445,-80.2,25.7,4515.23621892094,"25.7, -80.2"
384,384,448,-80.2,26.0,3329.0900242727002,"26.0, -80.2"
385,385,449,-80.2,26.1,976.8927959675141,"26.1, -80.2"
386,386,452,-80.2,26.4,8063.139569784399,"26.4, -80.2"
387,387,453,-80.2,26.8,31471.248348713198,"26.8, -80.2"
388,388,454,-80.2,27.1,7161.505926758559,"27.1, -80.2"
389,389,455,-80.2,27.2,175.098999932479,"27.2, -80.2"
390,390,456,-80.2,27.3,4873.60788970689,"27.3, -80.2"
391,391,457,-80.1,25.8,2426.17725054578,"25.8, -80.1"
392,392,459,-80.1,26.0,1612.4778777802499,"26.0, -80.1"
393,393,460,-80.1,26.1,524.065148104235,"26.1, -80.1"
394,394,461,-80.1,26.2,96.1121025413967,"26.2, -80.1"
395,395,462,-80.1,26.3,974.1953683794368,"26.3, -80.1"
396,396,463,-80.1,26.4,95.7389178251636,"26.4, -80.1"
397,397,464,-80.1,26.5,1637.9790467683,"26.5, -80.1"
398,398,465,-80.1,26.6,1073.3392211487198,"26.6, -80.1"
399,399,466,-80.1,26.7,4926.28616395869,"26.7, -80.1"
400,400,467,-80.1,26.9,681.362928121415,"26.9, -80.1"
401,401,468,-80.0,26.6,3645.99423875055,"26.6, -80.0"
402,402,469,-80.0,26.7,3260.21220984315,"26.7, -80.0"
403,403,487,-82.7,28.4,38.174312750895204,"28.4, -82.7"
404,404,490,-82.6,27.6,1486.2582305431301,"27.6, -82.6"
405,405,501,-82.4,28.6,19934.1893102603,"28.6, -82.4"
406,406,503,-82.2,26.5,1122.68606606382,"26.5, -82.2"
407,407,504,-82.2,26.7,1169.4549833470599,"26.7, -82.2"
408,408,505,-82.0,26.5,325.070211547719,"26.5, -82.0"
409,409,506,-82.0,26.6,8622.25808583704,"26.6, -82.0"
410,410,507,-81.9,26.5,4536.37269618106,"26.5, -81.9"
411,411,509,-81.9,29.1,29486.5939602896,"29.1, -81.9"
412,412,517,-81.8,27.5,81195.7595299414,"27.5, -81.8"
413,413,519,-81.7,25.9,6104.033353973051,"25.9, -81.7"
414,414,521,-81.7,26.2,8170.802032785641,"26.2, -81.7"
415,415,522,-81.7,26.3,10085.3659438342,"26.3, -81.7"
416,416,525,-81.6,29.6,182.856523726743,"29.6, -81.6"
417,417,529,-81.5,26.2,6552.96800915053,"26.2, -81.5"
418,418,530,-81.5,30.6,911.660286301404,"30.6, -81.5"
419,419,532,-81.4,25.9,1353.6393591031501,"25.9, -81.4"
420,420,534,-81.4,30.1,2726.24740934521,"30.1, -81.4"
421,421,537,-81.4,30.7,2554.5717693697197,"30.7, -81.4"
422,422,539,-81.3,27.3,29668.4973487312,"27.3, -81.3"
423,423,540,-81.3,29.1,6784.85806344481,"29.1, -81.3"
424,424,541,-81.3,29.8,16089.2352391829,"29.8, -81.3"
425,425,543,-81.3,30.0,3349.869448845689,"30.0, -81.3"
426,426,544,-81.2,28.4,42527.3678243538,"28.4, -81.2"
427,427,545,-81.2,29.5,23068.113474284302,"29.5, -81.2"
428,428,546,-81.2,29.6,29158.7212322057,"29.6, -81.2"
429,429,547,-81.2,29.7,27239.834616146294,"29.7, -81.2"
430,430,548,-81.2,29.8,19448.0733000322,"29.8, -81.2"
431,431,550,-81.1,28.7,25552.9523506288,"28.7, -81.1"
432,432,552,-81.1,29.4,29403.3863558146,"29.4, -81.1"
433,433,553,-81.1,29.5,31738.7008226844,"29.5, -81.1"
434,434,556,-81.0,29.0,16764.1069160227,"29.0, -81.0"
435,435,557,-81.0,29.1,27047.753042713706,"29.1, -81.0"
436,436,561,-80.9,28.9,7311.053808151701,"28.9, -80.9"
437,437,562,-80.9,29.0,141.078355320663,"29.0, -80.9"
438,438,563,-80.9,29.1,5019.46831601665,"29.1, -80.9"
439,439,564,-80.8,27.2,554.731003783174,"27.2, -80.8"
440,440,565,-80.8,28.4,5030.32987935443,"28.4, -80.8"
441,441,566,-80.8,28.5,1951.44157546302,"28.5, -80.8"
442,442,567,-80.8,28.9,4553.90989453101,"28.9, -80.8"
443,443,568,-80.8,29.0,6033.89272920634,"29.0, -80.8"
444,444,570,-80.7,28.1,5871.93226924765,"28.1, -80.7"
445,445,571,-80.7,28.2,3703.37805698575,"28.2, -80.7"
446,446,573,-80.7,28.4,176.209355690363,"28.4, -80.7"
447,447,574,-80.7,28.5,6377.90477157378,"28.5, -80.7"
448,448,577,-80.6,25.5,3846.96852483099,"25.5, -80.6"
449,449,578,-80.6,28.0,1777.0567200005605,"28.0, -80.6"
450,450,579,-80.6,28.1,1057.9950546442901,"28.1, -80.6"
451,451,580,-80.6,28.2,5297.72244251466,"28.2, -80.6"
452,452,581,-80.6,28.4,5779.1794102039685,"28.4, -80.6"
453,453,586,-80.5,25.6,12480.777273345,"25.6, -80.5"
454,454,587,-80.5,25.7,17866.0893670496,"25.7, -80.5"
455,455,588,-80.5,27.7,7813.835441443341,"27.7, -80.5"
456,456,590,-80.5,27.9,967.685407671761,"27.9, -80.5"
457,457,591,-80.5,28.0,5278.55281204541,"28.0, -80.5"
458,458,594,-80.4,25.5,3838.04593351516,"25.5, -80.4"
459,459,595,-80.4,25.6,4162.086052357639,"25.6, -80.4"
460,460,599,-80.4,26.0,5381.52603956758,"26.0, -80.4"
461,461,600,-80.4,26.1,12357.785251796799,"26.1, -80.4"
462,462,601,-80.4,27.3,5889.327093423579,"27.3, -80.4"
463,463,602,-80.4,27.4,351.715998525503,"27.4, -80.4"
464,464,603,-80.4,27.5,5433.798971122021,"27.5, -80.4"
465,465,604,-80.4,27.6,1423.48969854759,"27.6, -80.4"
466,466,605,-80.4,27.7,261.212995654721,"27.7, -80.4"
467,467,606,-80.4,27.8,4787.77687789808,"27.8, -80.4"
468,468,614,-80.3,26.3,9222.32247025243,"26.3, -80.3"
469,469,615,-80.3,26.6,48274.473722088485,"26.6, -80.3"
470,470,616,-80.3,26.7,37935.9788967931,"26.7, -80.3"
471,471,617,-80.3,27.1,482.815038824237,"27.1, -80.3"
472,472,619,-80.3,27.3,1121.82961544258,"27.3, -80.3"
473,473,620,-80.3,27.4,3324.60020471039,"27.4, -80.3"
474,474,621,-80.3,27.5,3673.19240102721,"27.5, -80.3"
475,475,631,-80.2,26.5,9324.18378223179,"26.5, -80.2"
476,476,632,-80.2,26.6,10750.5358647881,"26.6, -80.2"
477,477,633,-80.2,26.7,14392.7646882431,"26.7, -80.2"
478,478,635,-80.2,26.9,21628.649277251003,"26.9, -80.2"
479,479,636,-80.2,27.0,13766.3952949492,"27.0, -80.2"
480,480,650,-80.1,26.8,14944.8565832087,"26.8, -80.1"
481,481,652,-80.1,27.0,770.859671712495,"27.0, -80.1"
482,482,653,-80.1,27.1,2866.7486923557103,"27.1, -80.1"
483,483,654,-80.0,26.5,5089.66749952255,"26.5, -80.0"
484,484,657,-80.0,26.8,3137.63856237435,"26.8, -80.0"
485,485,658,-80.0,26.9,5625.63902757499,"26.9, -80.0"
486,486,672,-84.1,30.5,18212.3021154469,"30.5, -84.1"
487,487,698,-82.6,29.0,873.756432086143,"29.0, -82.6"
488,488,703,-82.5,27.7,509.531770908636,"27.7, -82.5"
489,489,709,-82.3,27.0,2936.57548261228,"27.0, -82.3"
490,490,714,-82.0,26.4,5605.9252526037,"26.4, -82.0"
491,491,717,-82.0,26.8,16484.846171361998,"26.8, -82.0"
492,492,718,-82.0,27.0,254.320791403764,"27.0, -82.0"
493,493,725,-81.8,26.5,11918.955985676299,"26.5, -81.8"
494,494,729,-81.8,30.2,13142.8739300246,"30.2, -81.8"
495,495,734,-81.6,29.8,4768.09123905053,"29.8, -81.6"
496,496,739,-81.5,30.4,577.132808793582,"30.4, -81.5"
497,497,743,-81.4,30.5,2132.15989756525,"30.5, -81.4"
498,498,746,-81.1,29.2,26506.0492332608,"29.2, -81.1"
499,499,808,-85.4,29.7,1769.6531998288501,"29.7, -85.4"
500,500,811,-84.8,30.6,42986.0644334104,"30.6, -84.8"
501,501,812,-84.4,30.3,11602.731195455,"30.3, -84.4"
502,502,816,-84.3,30.6,1036.8526115591699,"30.6, -84.3"
503,503,817,-84.2,30.4,13556.8310272583,"30.4, -84.2"
504,504,818,-84.2,30.5,8652.73325086778,"30.5, -84.2"
505,505,853,-82.5,29.0,4181.765951670271,"29.0, -82.5"
506,506,857,-82.4,27.2,5675.5867425622,"27.2, -82.4"
507,507,859,-82.4,27.4,14514.250766801,"27.4, -82.4"
508,508,860,-82.4,27.5,1063.54916258541,"27.5, -82.4"
509,509,861,-82.4,27.6,5491.5509872415705,"27.6, -82.4"
510,510,868,-82.4,28.9,18145.8179225249,"28.9, -82.4"
511,511,869,-82.3,26.7,4210.97232134385,"26.7, -82.3"
512,512,877,-82.2,26.6,1384.1443702087195,"26.6, -82.2"
513,513,879,-82.2,27.1,6878.68539322736,"27.1, -82.2"
514,514,885,-82.1,26.5,105.95331731440099,"26.5, -82.1"
515,515,887,-82.1,26.7,2319.19144404533,"26.7, -82.1"
516,516,894,-82.0,26.7,13651.794877581899,"26.7, -82.0"
517,517,899,-82.0,27.2,1167.22357240829,"27.2, -82.0"
518,518,902,-81.9,26.3,6200.87582557345,"26.3, -81.9"
519,519,910,-81.9,28.2,114504.856647736,"28.2, -81.9"
520,520,918,-81.8,27.4,74563.038275392,"27.4, -81.8"
521,521,921,-81.8,28.1,108412.63229619699,"28.1, -81.8"
522,522,925,-81.7,26.0,2089.00379766785,"26.0, -81.7"
523,523,928,-81.7,26.7,2412.35084966783,"26.7, -81.7"
524,524,930,-81.7,29.5,1208.24799432513,"29.5, -81.7"
525,525,931,-81.7,30.1,4659.3463580704,"30.1, -81.7"
526,526,935,-81.6,29.4,2973.67278998639,"29.4, -81.6"
527,527,936,-81.6,29.5,3927.40566609068,"29.5, -81.6"
528,528,939,-81.6,29.9,1076.96620171671,"29.9, -81.6"
529,529,940,-81.6,30.0,870.3301819522252,"30.0, -81.6"
530,530,948,-81.5,29.2,3240.1082734700103,"29.2, -81.5"
531,531,949,-81.5,29.4,939.6519341121041,"29.4, -81.5"
532,532,950,-81.5,30.0,5942.345780130871,"30.0, -81.5"
533,533,951,-81.5,30.2,7296.67078700575,"30.2, -81.5"
534,534,956,-81.4,25.8,4709.55093959721,"25.8, -81.4"
535,535,958,-81.4,29.0,1565.08985152939,"29.0, -81.4"
536,536,959,-81.4,29.3,9958.2462023238,"29.3, -81.4"
537,537,960,-81.4,29.4,962.7965173349,"29.4, -81.4"
538,538,961,-81.4,29.9,8957.62087750646,"29.9, -81.4"
539,539,967,-81.3,28.5,49203.521793113214,"28.5, -81.3"
540,540,969,-81.3,29.0,3919.79888112743,"29.0, -81.3"
541,541,970,-81.3,29.6,21403.551653155,"29.6, -81.3"
542,542,973,-81.2,28.5,39805.5413004955,"28.5, -81.2"
543,543,974,-81.2,28.6,37377.6995590598,"28.6, -81.2"
544,544,975,-81.2,28.7,34970.198983313996,"28.7, -81.2"
545,545,976,-81.2,28.9,6066.0760497170395,"28.9, -81.2"
546,546,977,-81.2,29.4,19720.7971328505,"29.4, -81.2"
547,547,980,-81.1,29.0,14838.822055454499,"29.0, -81.1"
548,548,981,-81.1,29.1,25769.8074094761,"29.1, -81.1"
549,549,993,-80.8,28.6,459.284475628639,"28.6, -80.8"
550,550,1072,-85.5,30.8,54311.1943670013,"30.8, -85.5"
551,551,1114,-82.4,28.5,18038.0406491736,"28.5, -82.4"
552,552,1121,-82.2,28.0,15043.5566021347,"28.0, -82.2"
553,553,1124,-82.1,28.6,122813.99723192,"28.6, -82.1"
554,554,1131,-81.9,27.9,114340.56970574301,"27.9, -81.9"
555,555,1137,-81.7,28.8,81514.68229999559,"28.8, -81.7"
556,556,1142,-81.5,26.7,3721.790063952679,"26.7, -81.5"
557,557,1146,-81.5,28.7,63230.771900930595,"28.7, -81.5"
558,558,1148,-81.5,30.7,3052.39605500997,"30.7, -81.5"
559,559,1149,-81.4,28.3,64506.3349562371,"28.3, -81.4"
560,560,1155,-81.3,28.9,3739.258776225539,"28.9, -81.3"
561,561,1157,-81.2,27.4,25833.7033701202,"27.4, -81.2"
562,562,1158,-81.2,28.8,142.879038055418,"28.8, -81.2"
563,563,1162,-80.9,26.7,23871.873587885097,"26.7, -80.9"
564,564,1165,-80.5,27.6,11202.560512276299,"27.6, -80.5"
565,565,1205,-86.7,30.8,33623.5306497427,"30.8, -86.7"
566,566,1216,-85.0,30.7,70001.3150495599,"30.7, -85.0"
567,567,1219,-84.4,30.1,4750.14011138589,"30.1, -84.4"
568,568,1231,-82.8,29.3,11030.4798218975,"29.3, -82.8"
569,569,1241,-82.7,28.5,3495.6726530087208,"28.5, -82.7"
570,570,1252,-82.6,28.4,6236.83747090955,"28.4, -82.6"
571,571,1257,-82.6,30.1,63752.70982033,"30.1, -82.6"
572,572,1266,-82.5,28.8,8563.4075626924,"28.8, -82.5"
573,573,1288,-82.3,29.7,62272.1746671092,"29.7, -82.3"
574,574,1289,-82.2,27.0,940.9493708515872,"27.0, -82.2"
575,575,1295,-82.2,28.4,137395.634363154,"28.4, -82.2"
576,576,1299,-82.1,27.4,41518.0797690244,"27.4, -82.1"
577,577,1310,-82.0,28.6,113251.934016381,"28.6, -82.0"
578,578,1311,-82.0,30.7,35118.2904661915,"30.7, -82.0"
579,579,1324,-81.8,27.9,106877.17218174199,"27.9, -81.8"
580,580,1328,-81.7,27.8,92147.5305523581,"27.8, -81.7"
581,581,1332,-81.6,28.3,83200.8171106543,"28.3, -81.6"
582,582,1333,-81.6,28.6,75490.3937708086,"28.6, -81.6"
583,583,1335,-81.5,27.5,56633.36696327241,"27.5, -81.5"
584,584,1336,-81.5,28.3,73797.5870981604,"28.3, -81.5"
585,585,1343,-81.3,28.3,55175.9203777957,"28.3, -81.3"
586,586,1356,-80.6,28.3,746.786514724402,"28.3, -80.6"
587,587,1386,-87.3,30.3,4117.0255839925,"30.3, -87.3"
588,588,1394,-87.2,30.8,21644.2517161314,"30.8, -87.2"
589,589,1416,-86.3,30.5,2761.1614771781,"30.5, -86.3"
590,590,1417,-86.3,31.0,55475.352626659405,"31.0, -86.3"
591,591,1454,-83.1,30.4,73646.3427361674,"30.4, -83.1"
592,592,1460,-83.0,29.7,8647.69689378976,"29.7, -83.0"
593,593,1462,-82.9,29.6,3222.68981531271,"29.6, -82.9"
594,594,1486,-82.7,28.6,4422.1702546427005,"28.6, -82.7"
595,595,1489,-82.7,29.3,12495.252353379099,"29.3, -82.7"
596,596,1490,-82.7,29.7,25406.5083315847,"29.7, -82.7"
597,597,1507,-82.6,28.7,578.230649175981,"28.7, -82.6"
598,598,1513,-82.6,30.3,73779.3602099734,"30.3, -82.6"
599,599,1525,-82.5,28.5,8422.582852543259,"28.5, -82.5"
600,600,1528,-82.5,29.7,43449.454769494,"29.7, -82.5"
601,601,1538,-82.4,28.4,22297.3793158067,"28.4, -82.4"
602,602,1544,-82.4,29.8,56336.3951372921,"29.8, -82.4"
603,603,1546,-82.3,26.8,8758.403709133008,"26.8, -82.3"
604,604,1559,-82.3,29.1,12257.5437193956,"29.1, -82.3"
605,605,1560,-82.3,29.4,43584.2885172329,"29.4, -82.3"
606,606,1566,-82.2,26.9,1829.3272102451501,"26.9, -82.2"
607,607,1575,-82.2,28.8,130224.726863661,"28.8, -82.2"
608,608,1577,-82.2,29.2,15875.334593733798,"29.2, -82.2"
609,609,1579,-82.2,30.0,31416.8696250386,"30.0, -82.2"
610,610,1588,-82.1,28.1,136576.482529414,"28.1, -82.1"
611,611,1589,-82.1,28.3,130497.155003203,"28.3, -82.1"
612,612,1591,-82.1,29.2,6276.89308182968,"29.2, -82.1"
613,613,1592,-82.1,29.4,19450.7930595196,"29.4, -82.1"
614,614,1594,-82.1,30.4,35626.8963377464,"30.4, -82.1"
615,615,1602,-82.0,27.9,122143.27524306199,"27.9, -82.0"
616,616,1605,-82.0,28.2,123914.517164363,"28.2, -82.0"
617,617,1607,-82.0,30.8,39124.9600444068,"30.8, -82.0"
618,618,1619,-81.9,28.6,103725.178941187,"28.6, -81.9"
619,619,1620,-81.9,28.8,100998.37401274,"28.8, -81.9"
620,620,1621,-81.9,29.0,1341.59202662727,"29.0, -81.9"
621,621,1629,-81.8,26.6,7240.376713507109,"26.6, -81.8"
622,622,1638,-81.8,28.6,94244.44725936279,"28.6, -81.8"
623,623,1639,-81.8,28.7,92106.03675667108,"28.7, -81.8"
624,624,1640,-81.8,28.8,91256.4458681803,"28.8, -81.8"
625,625,1644,-81.8,30.5,8890.56959997458,"30.5, -81.8"
626,626,1645,-81.8,30.6,12879.147382661498,"30.6, -81.8"
627,627,1646,-81.7,26.6,9630.622733808641,"26.6, -81.7"
628,628,1649,-81.7,27.9,99829.2188271821,"27.9, -81.7"
629,629,1652,-81.7,28.5,87321.1519238363,"28.5, -81.7"
630,630,1654,-81.7,29.6,1568.5926963466102,"29.6, -81.7"
631,631,1655,-81.7,29.8,11404.180528183899,"29.8, -81.7"
632,632,1656,-81.7,30.0,4624.34509345664,"30.0, -81.7"
633,633,1661,-81.6,26.7,1521.0484232026404,"26.7, -81.6"
634,634,1662,-81.6,28.0,94085.71161338381,"28.0, -81.6"
635,635,1663,-81.6,28.1,89966.4019797751,"28.1, -81.6"
636,636,1666,-81.6,29.1,2707.1526243723,"29.1, -81.6"
637,637,1667,-81.6,29.3,4812.4588725143,"29.3, -81.6"
638,638,1678,-81.6,30.6,1039.5701476527804,"30.6, -81.6"
639,639,1680,-81.5,27.7,70197.4983044266,"27.7, -81.5"
640,640,1681,-81.5,27.8,78472.0140326907,"27.8, -81.5"
641,641,1683,-81.5,28.2,77020.6635902397,"28.2, -81.5"
642,642,1689,-81.5,28.9,12664.110097949098,"28.9, -81.5"
643,643,1690,-81.5,29.0,5078.97062142174,"29.0, -81.5"
644,644,1691,-81.5,29.1,55.4357424348849,"29.1, -81.5"
645,645,1698,-81.4,27.3,36341.1210403909,"27.3, -81.4"
646,646,1699,-81.4,27.8,72682.4641276865,"27.8, -81.4"
647,647,1700,-81.4,27.9,77910.6333793948,"27.9, -81.4"
648,648,1701,-81.4,28.1,71728.8664174639,"28.1, -81.4"
649,649,1702,-81.4,28.2,67709.6946523245,"28.2, -81.4"
650,650,1704,-81.4,28.4,61400.6523512425,"28.4, -81.4"
651,651,1708,-81.4,28.9,3486.1112331453196,"28.9, -81.4"
652,652,1714,-81.4,30.4,365.57741719816,"30.4, -81.4"
653,653,1716,-81.3,27.1,17444.9305063416,"27.1, -81.3"
654,654,1718,-81.3,27.4,33993.4980707697,"27.4, -81.3"
655,655,1728,-81.3,29.2,9464.914181675407,"29.2, -81.3"
656,656,1729,-81.3,29.5,14846.650861823899,"29.5, -81.3"
657,657,1734,-81.2,27.8,63920.675015158486,"27.8, -81.2"
658,658,1735,-81.2,28.3,45692.1783947154,"28.3, -81.2"
659,659,1742,-81.2,29.0,13351.617075831398,"29.0, -81.2"
660,660,1743,-81.2,29.3,22186.5051223298,"29.3, -81.2"
661,661,1746,-81.1,28.1,44273.965474346114,"28.1, -81.1"
662,662,1747,-81.1,28.5,30214.143131934303,"28.5, -81.1"
663,663,1748,-81.1,28.6,27720.7060469552,"28.6, -81.1"
664,664,1750,-81.1,28.8,2136.56161468973,"28.8, -81.1"
665,665,1751,-81.1,28.9,4026.96094564075,"28.9, -81.1"
666,666,1758,-81.0,27.3,5516.41527965699,"27.3, -81.0"
667,667,1760,-81.0,28.7,16043.920328427901,"28.7, -81.0"
668,668,1761,-81.0,28.8,13360.1176518685,"28.8, -81.0"
669,669,1767,-80.9,27.1,2060.81939014103,"27.1, -80.9"
670,670,1768,-80.9,27.2,891.543484725201,"27.2, -80.9"
671,671,1770,-80.9,27.4,18267.5409767996,"27.4, -80.9"
672,672,1771,-80.9,27.7,38306.3468594775,"27.7, -80.9"
673,673,1772,-80.9,28.6,8626.77884431918,"28.6, -80.9"
674,674,1777,-80.8,27.3,5970.59385757934,"27.3, -80.8"
675,675,1778,-80.8,27.5,27821.4991666806,"27.5, -80.8"
676,676,1779,-80.8,27.6,34419.9721506163,"27.6, -80.8"
677,677,1780,-80.8,27.7,29436.4145308325,"27.7, -80.8"
678,678,1781,-80.8,28.3,8889.80242318345,"28.3, -80.8"
679,679,1787,-80.7,26.7,32484.7877878931,"26.7, -80.7"
680,680,1788,-80.7,26.8,21861.5609775688,"26.8, -80.7"
681,681,1789,-80.7,27.2,3053.24223654088,"27.2, -80.7"
682,682,1790,-80.7,27.3,11383.5356627454,"27.3, -80.7"
683,683,1791,-80.7,27.4,20591.366408737198,"27.4, -80.7"
684,684,1792,-80.7,27.9,16321.5411989343,"27.9, -80.7"
685,685,1799,-80.6,27.1,5842.89195705635,"27.1, -80.6"
686,686,1800,-80.6,27.2,10969.1517783993,"27.2, -80.6"
687,687,1801,-80.6,27.3,17588.3735752762,"27.3, -80.6"
688,688,1802,-80.6,27.8,6843.21804310193,"27.8, -80.6"
689,689,1803,-80.6,27.9,7999.92613672494,"27.9, -80.6"
690,690,1814,-80.5,27.2,13924.204830818799,"27.2, -80.5"
691,691,1820,-80.5,28.1,9422.56537422305,"28.1, -80.5"
692,692,1829,-80.4,26.8,24084.1243921853,"26.8, -80.4"
693,693,1830,-80.4,27.0,3503.2314542219106,"27.0, -80.4"
694,694,1831,-80.4,27.2,5893.969883675861,"27.2, -80.4"
695,695,1848,-80.3,26.8,27796.3006391504,"26.8, -80.3"
696,696,1849,-80.3,26.9,17468.535309766,"26.9, -80.3"
697,698,1950,-85.0,29.6,122.684244503253,"29.6, -85.0"
698,699,1958,-84.8,29.8,2930.2257952669106,"29.8, -84.8"
699,700,1961,-84.7,30.6,33605.8161546783,"30.6, -84.7"
700,701,1964,-84.5,29.9,1296.0359701944699,"29.9, -84.5"
701,702,1965,-84.5,30.0,733.419108565787,"30.0, -84.5"
702,703,1971,-84.3,29.9,3712.6223979791,"29.9, -84.3"
703,704,1981,-83.9,30.1,3546.1258113301797,"30.1, -83.9"
704,705,1988,-83.3,30.2,46564.1114305197,"30.2, -83.3"
705,706,2023,-82.6,29.6,32153.1800143884,"29.6, -82.6"
706,707,2029,-82.5,29.6,41822.5524492371,"29.6, -82.5"
707,708,2035,-82.3,28.5,27761.180479849103,"28.5, -82.3"
708,709,2047,-82.0,29.5,12167.686883863898,"29.5, -82.0"
709,710,2052,-81.9,26.8,18787.637103033798,"26.8, -81.9"
710,711,2062,-81.8,29.4,8517.98392192784,"29.4, -81.8"
711,712,2073,-81.7,29.4,1523.98565774953,"29.4, -81.7"
712,713,2079,-81.6,25.9,115.85989590728501,"25.9, -81.6"
713,714,2080,-81.6,27.8,85013.7213583192,"27.8, -81.6"
714,715,2081,-81.6,27.9,93290.9204206085,"27.9, -81.6"
715,716,2089,-81.5,27.9,87249.8572182242,"27.9, -81.5"
716,717,2092,-81.5,29.3,2495.93322378608,"29.3, -81.5"
717,718,2113,-81.2,26.7,9733.80609927256,"26.7, -81.2"
718,719,2122,-81.0,26.7,16291.9404650554,"26.7, -81.0"
719,720,2135,-80.8,27.4,16778.8718325267,"27.4, -80.8"
720,721,2181,-80.3,25.3,1093.7466304182801,"25.3, -80.3"
721,722,2277,-81.3,27.0,11174.25326704,"27.0, -81.3"
722,723,2341,-82.3,27.7,5992.5994773026205,"27.7, -82.3"
723,724,2343,-82.1,29.7,43161.2745837597,"29.7, -82.1"
724,725,2353,-81.6,28.2,86406.6960831804,"28.2, -81.6"
725,726,2358,-81.5,29.7,2589.42895491173,"29.7, -81.5"
726,727,2433,-85.4,30.9,67158.1887027627,"30.9, -85.4"
727,728,2438,-84.7,30.2,27532.889290935,"30.2, -84.7"
728,729,2439,-84.7,30.3,36233.4585753776,"30.3, -84.7"
729,730,2440,-84.7,30.4,45384.6860812806,"30.4, -84.7"
730,731,2442,-84.5,30.5,13558.9279464298,"30.5, -84.5"
731,732,2443,-84.5,30.6,15439.6925295731,"30.6, -84.5"
732,733,2445,-84.4,30.4,13304.1372513295,"30.4, -84.4"
733,734,2446,-84.4,30.5,5116.1526579382,"30.5, -84.4"
734,735,2456,-84.2,30.6,8358.95633112214,"30.6, -84.2"
735,736,2457,-84.1,30.4,17280.6077168157,"30.4, -84.1"
736,737,2459,-84.0,30.5,27792.693482333598,"30.5, -84.0"
737,738,2470,-82.7,30.3,84664.4526082132,"30.3, -82.7"
738,739,2482,-82.3,29.2,17121.18102434,"29.2, -82.3"
739,740,2488,-82.2,30.4,44805.0976802322,"30.4, -82.2"
740,741,2496,-82.0,29.6,14826.6478604701,"29.6, -82.0"
741,742,2497,-82.0,30.3,24047.5855918404,"30.3, -82.0"
742,743,2502,-81.9,30.2,13437.699580286799,"30.2, -81.9"
743,744,2508,-81.8,28.9,91377.1028833596,"28.9, -81.8"
744,745,2509,-81.8,30.0,13303.8649417823,"30.0, -81.8"
745,746,2525,-81.7,30.5,6493.276404655121,"30.5, -81.7"
746,747,2529,-81.6,28.8,71773.1580326369,"28.8, -81.6"
747,748,2556,-81.4,28.8,6626.64360469083,"28.8, -81.4"
748,749,2560,-81.4,30.0,3913.9463252917603,"30.0, -81.4"
749,750,2564,-81.3,26.9,10868.5230461736,"26.9, -81.3"
750,751,2586,-81.1,26.7,11672.2888897876,"26.7, -81.1"
751,752,2587,-81.1,26.8,1472.3066640740801,"26.8, -81.1"
752,753,2600,-81.0,27.2,3182.22813883166,"27.2, -81.0"
753,754,2602,-81.0,27.4,16620.5699699327,"27.4, -81.0"
754,755,2603,-81.0,28.6,18067.7740433977,"28.6, -81.0"
755,756,2622,-80.8,28.7,2957.5705634871997,"28.7, -80.8"
756,757,2632,-80.6,26.7,31625.9337546223,"26.7, -80.6"
757,758,2642,-80.5,27.5,14641.561620428402,"27.5, -80.5"
758,759,2708,-87.2,31.0,43067.5463483827,"31.0, -87.2"
759,760,2714,-86.7,30.9,40364.3749911715,"30.9, -86.7"
760,761,2722,-86.3,30.9,44622.3577504946,"30.9, -86.3"
761,762,2728,-85.9,30.8,40627.6996284015,"30.8, -85.9"
762,763,2749,-85.1,30.3,36719.004857728396,"30.3, -85.1"
763,764,2753,-85.0,30.6,63539.6361627712,"30.6, -85.0"
764,765,2759,-84.6,30.0,3744.95431769715,"30.0, -84.6"
765,766,2763,-84.5,30.4,19677.2072152601,"30.4, -84.5"
766,767,2771,-83.4,30.6,69768.9539373217,"30.6, -83.4"
767,768,2776,-83.2,30.3,59907.3954628147,"30.3, -83.2"
768,769,2778,-83.2,30.5,72854.6060087726,"30.5, -83.2"
769,770,2783,-83.1,30.5,80124.73802182049,"30.5, -83.1"
770,771,2824,-82.1,29.6,23398.8053196819,"29.6, -82.1"
771,772,2828,-81.9,29.6,8198.16479094754,"29.6, -81.9"
772,773,2834,-81.8,29.6,5907.4170547047,"29.6, -81.8"
773,774,2835,-81.8,29.7,11021.7294655827,"29.7, -81.8"
774,775,2865,-81.4,29.5,8032.2763628398,"29.5, -81.4"
775,776,2870,-81.3,28.4,51985.17564194781,"28.4, -81.3"
776,777,2950,-82.9,29.3,13055.8789618947,"29.3, -82.9"
777,778,2978,-82.1,29.1,12937.1504450169,"29.1, -82.1"
778,779,2985,-81.9,28.9,101111.29142472199,"28.9, -81.9"
779,780,3093,-81.3,27.8,67837.9260491967,"27.8, -81.3"
780,781,3104,-80.9,28.7,10867.4660598725,"28.7, -80.9"
781,782,3187,-83.0,30.2,57572.06988676111,"30.2, -83.0"
782,783,3198,-82.8,30.1,62964.6914895383,"30.1, -82.8"
783,784,3199,-82.8,30.2,70045.6234943321,"30.2, -82.8"
784,785,3232,-82.6,29.9,46813.574854672996,"29.9, -82.6"
785,786,3233,-82.6,30.0,54945.527314175706,"30.0, -82.6"
786,787,3246,-82.5,28.4,15551.5482087189,"28.4, -82.5"
787,788,3248,-82.5,28.6,11925.629716970501,"28.6, -82.5"
788,789,3249,-82.5,28.9,8466.541860615409,"28.9, -82.5"
789,790,3250,-82.5,29.1,5710.445613920218,"29.1, -82.5"
790,791,3273,-82.3,28.3,32454.0483394161,"28.3, -82.3"
791,792,3281,-82.2,30.2,33884.9704651284,"30.2, -82.2"
792,793,3289,-82.1,30.1,21686.314073120702,"30.1, -82.1"
793,794,3301,-81.9,28.3,111499.822455781,"28.3, -81.9"
794,795,3305,-81.9,30.4,24374.3834639091,"30.4, -81.9"
795,796,3368,-80.4,26.7,34885.6463197067,"26.7, -80.4"
796,797,3382,-80.3,26.4,13603.7511410229,"26.4, -80.3"
797,798,3614,-87.1,30.7,9611.49529441057,"30.7, -87.1"
798,799,3645,-85.4,30.3,14516.6748328952,"30.3, -85.4"
799,800,3646,-85.3,30.8,60134.12553467599,"30.8, -85.3"
800,801,3684,-82.1,29.0,10998.5400941588,"29.0, -82.1"
801,802,3706,-81.4,29.8,11437.775583403201,"29.8, -81.4"
802,803,3783,-83.3,29.7,4786.173990917589,"29.7, -83.3"
803,804,3810,-82.5,28.3,19323.8858150229,"28.3, -82.5"
804,805,3824,-82.3,29.5,53750.334517238494,"29.5, -82.3"
805,806,3937,-83.4,29.6,1.83404930243629,"29.6, -83.4"
806,807,3940,-83.1,29.1,9457.02075015792,"29.1, -83.1"
807,808,3942,-83.1,30.0,33999.566457932204,"30.0, -83.1"
808,809,3946,-83.0,29.8,19537.3399378025,"29.8, -83.0"
809,811,3969,-82.7,29.1,5491.3252639189595,"29.1, -82.7"
811,813,4012,-81.9,30.6,22426.963542457597,"30.6, -81.9"
812,814,4013,-81.9,30.7,26704.000145556,"30.7, -81.9"
813,815,4018,-81.8,28.2,105163.509205686,"28.2, -81.8"
814,816,4032,-81.6,29.7,93.552039390784,"29.7, -81.6"
815,817,4045,-81.5,29.8,2868.161839182,"29.8, -81.5"
816,818,4063,-81.4,30.6,4053.1118834423296,"30.6, -81.4"
817,819,4071,-81.2,29.2,17379.9089756999,"29.2, -81.2"
818,820,4206,-82.5,29.9,53896.3083788657,"29.9, -82.5"
819,821,4233,-82.3,27.4,22804.8889766618,"27.4, -82.3"
820,822,4243,-82.3,29.3,34009.297238845604,"29.3, -82.3"
821,823,4246,-82.3,29.6,61163.296240635,"29.6, -82.3"
822,824,4248,-82.3,29.9,69936.2018688071,"29.9, -82.3"
823,825,4256,-82.2,27.8,8796.750922783442,"27.8, -82.2"
824,826,4259,-82.2,28.1,15484.2811592585,"28.1, -82.2"
825,827,4265,-82.2,29.7,71785.50027156589,"29.7, -82.2"
826,828,4279,-82.1,28.8,120482.54337976199,"28.8, -82.1"
827,829,4287,-82.1,30.2,25307.401924783197,"30.2, -82.1"
828,830,4301,-82.0,28.8,110740.417738849,"28.8, -82.0"
829,831,4303,-82.0,29.0,1872.1997870856894,"29.0, -82.0"
830,832,4312,-81.9,27.0,976.723198548049,"27.0, -81.9"
831,833,4313,-81.9,27.1,5424.41369627002,"27.1, -81.9"
832,834,4321,-81.9,28.7,101777.636407741,"28.7, -81.9"
833,835,4342,-81.8,27.2,52423.2644726764,"27.2, -81.8"
834,836,4343,-81.8,27.3,63487.0246482659,"27.3, -81.8"
835,837,4350,-81.8,28.3,102078.34716355301,"28.3, -81.8"
836,838,4370,-81.7,26.4,25700.304723163397,"26.4, -81.7"
837,839,4371,-81.7,26.5,20342.0054434357,"26.5, -81.7"
838,840,4377,-81.7,28.3,92649.14495724213,"28.3, -81.7"
839,841,4378,-81.7,28.4,89844.40033991571,"28.4, -81.7"
840,842,4380,-81.7,28.6,84825.1794648972,"28.6, -81.7"
841,843,4385,-81.7,29.7,1627.69537691095,"29.7, -81.7"
842,844,4386,-81.7,29.9,10355.9190255628,"29.9, -81.7"
843,845,4393,-81.7,30.6,3509.97028864357,"30.6, -81.7"
844,846,4396,-81.6,26.0,1441.64940890418,"26.0, -81.6"
845,847,4397,-81.6,26.2,9801.5986660043,"26.2, -81.6"
846,848,4398,-81.6,26.3,19967.0416900155,"26.3, -81.6"
847,849,4399,-81.6,26.6,12622.177790399399,"26.6, -81.6"
848,850,4404,-81.6,28.4,80333.78399884769,"28.4, -81.6"
849,851,4423,-81.5,25.9,623.191569581871,"25.9, -81.5"
850,852,4424,-81.5,26.0,4610.20904867868,"26.0, -81.5"
851,853,4426,-81.5,26.3,17387.130208721203,"26.3, -81.5"
852,854,4427,-81.5,26.4,36092.4452078233,"26.4, -81.5"
853,855,4428,-81.5,26.8,5716.8626257701,"26.8, -81.5"
854,856,4429,-81.5,27.4,51122.9830205822,"27.4, -81.5"
855,857,4443,-81.5,29.9,6031.54626417114,"29.9, -81.5"
856,858,4445,-81.5,30.1,6822.8854653277795,"30.1, -81.5"
857,859,4456,-81.4,26.3,21159.2996337178,"26.3, -81.4"
858,860,4457,-81.4,26.4,37809.6769530585,"26.4, -81.4"
859,861,4458,-81.4,26.5,27640.7423510679,"26.5, -81.4"
860,862,4459,-81.4,27.1,25195.8703714298,"27.1, -81.4"
861,863,4461,-81.4,27.4,42881.3249953997,"27.4, -81.4"
862,864,4462,-81.4,27.5,48268.183549196794,"27.5, -81.4"
863,865,4504,-81.2,28.2,49430.87537307781,"28.2, -81.2"
864,866,4512,-81.2,29.1,16223.8566433962,"29.1, -81.2"
865,867,4519,-81.1,26.6,21749.0307311469,"26.6, -81.1"
866,868,4543,-80.9,28.4,14503.2592732241,"28.4, -80.9"
867,869,4544,-80.9,28.5,11492.6692342081,"28.5, -80.9"
868,870,4553,-80.8,28.2,12860.8189217,"28.2, -80.8"
869,871,4585,-80.5,27.4,9965.19016753933,"27.4, -80.5"
870,872,4606,-80.3,25.2,3628.6694544147203,"25.2, -80.3"
871,873,4685,-85.6,30.5,20343.1489674982,"30.5, -85.6"
872,874,4686,-85.5,30.0,803.216978620424,"30.0, -85.5"
873,875,4688,-85.5,30.2,6549.6764976472205,"30.2, -85.5"
874,876,4695,-85.4,30.6,36030.0361197785,"30.6, -85.4"
875,877,4699,-85.3,30.6,41492.801848415,"30.6, -85.3"
876,878,4700,-85.3,30.7,50455.9635557145,"30.7, -85.3"
877,879,4702,-85.2,29.9,2879.17025743934,"29.9, -85.2"
878,880,4706,-85.1,30.8,70800.6387656194,"30.8, -85.1"
879,881,4713,-84.9,30.9,91964.1450253434,"30.9, -84.9"
880,882,4721,-84.6,30.4,27229.697618721402,"30.4, -84.6"
881,883,4793,-81.3,27.2,21655.8592539717,"27.2, -81.3"
882,884,4829,-85.7,30.5,21195.542804678702,"30.5, -85.7"
