,coords,distance,future_density
0,"30.2, -85.8",1904.0785203618302,0.00012364516915460642
1,"30.2, -85.7",110.576316107801,0.0008214960719799404
2,"27.7, -82.8",8750.65483133986,0.001455437997122267
3,"27.8, -82.8",99.7389593044632,0.0033996126826689233
4,"27.9, -82.8",3525.2146086594503,0.000979099882173619
5,"28.0, -82.8",606.175444173217,0.0022121832320526028
6,"28.1, -82.8",1980.3209055047698,0.0012979915970936816
7,"28.2, -82.8",1228.7240077619301,0.0005385334259243031
8,"27.5, -82.7",289.682647323896,
9,"27.8, -82.7",5868.72937647774,0.0019578261162416883
10,"27.9, -82.7",5938.3257623706895,0.0009550439916164898
11,"28.0, -82.7",1582.8947426379502,0.0010181094459956268
12,"28.1, -82.7",941.819689753161,0.0005357597520090722
13,"28.2, -82.7",1005.1081142981801,0.00048135936468770337
14,"28.3, -82.7",1095.6380606578,0.001640104681250023
15,"27.3, -82.6",5544.469214996279,0.001433869887483394
16,"27.4, -82.6",2193.4325930063897,0.0021806976626733516
17,"27.5, -82.6",96.07759400167559,0.001285575794740602
18,"27.8, -82.6",13506.297459658601,0.0015045833349205812
19,"27.9, -82.6",2616.19455850853,0.0020270748651198254
20,"28.0, -82.6",19.498614369727,0.0010789673931215604
21,"28.1, -82.6",7310.185604814829,0.00024533265881318745
22,"28.9, -82.6",167.478844399512,2.031284120778246e-05
23,"27.1, -82.5",3965.86779065416,0.0019790130198896537
24,"27.2, -82.5",378.19863527062597,0.0007795245054924815
25,"27.3, -82.5",1306.4220323647999,0.0016916909647604274
26,"27.4, -82.5",6245.926865082889,0.0005494545037361982
27,"27.5, -82.5",378.641464004146,0.0009251822272758972
28,"27.9, -82.5",1085.32783006681,0.002293975506188148
29,"28.0, -82.5",2550.8975299845897,0.0017841810290995382
30,"28.1, -82.5",9497.59374461157,0.001028042613469555
31,"28.2, -82.5",20353.6879908196,0.00019610400023208692
32,"27.1, -82.4",3511.87650780414,0.0009185813086162585
33,"27.3, -82.4",10819.124040445,0.0004074613549148633
34,"27.7, -82.4",9209.29512702345,0.0008461376828723768
35,"27.8, -82.4",8.186111681853,0.00031854485019158784
36,"27.9, -82.4",839.912474687426,8.190751823001871e-05
37,"28.0, -82.4",1595.72403583933,0.0011892279410292263
38,"28.1, -82.4",3074.27375343026,0.0009033036789287565
39,"28.2, -82.4",19161.367357771,0.0005014356767044158
40,"29.0, -82.4",7002.27992307834,0.00010275370569570913
41,"27.1, -82.3",2500.1145470499105,0.0005564782791723981
42,"27.3, -82.3",20049.7228824747,1.8158145675335365e-05
43,"27.8, -82.3",6895.779018866229,0.0025284711032886194
44,"27.9, -82.3",1586.8329492454502,0.0032050406915503913
45,"28.0, -82.3",5360.0607641033,0.0002934982296362132
46,"28.1, -82.3",5833.403447907939,6.671365603575232e-06
47,"28.2, -82.3",22451.4617912988,0.0008163474344970801
48,"28.6, -82.3",29038.326133389102,3.5589018361693386e-05
49,"27.3, -82.2",26858.0818983483,2.893823258271211e-06
50,"28.2, -82.2",19945.1530905933,-3.3633760106054023e-06
51,"28.5, -82.2",134847.643049483,5.1464223078160044e-05
52,"28.6, -82.2",132403.71344813198,6.358675703445559e-05
53,"27.0, -82.1",1691.8153018060998,0.001189720037132947
54,"28.0, -82.1",136650.450004085,0.000927805954925877
55,"26.9, -82.0",5145.0172153015,4.51688373768929e-05
56,"27.4, -82.0",78390.1732845339,1.7359131841298063e-05
57,"28.0, -82.0",128979.938446431,0.00017654156550274568
58,"27.5, -81.9",86774.754341052,1.790585121415379e-05
59,"26.4, -81.8",3470.0405328230104,0.0006328782713930634
60,"27.6, -81.8",87977.85523135061,1.719720068907071e-06
61,"30.3, -81.8",12986.243264778,0.0005793174274178345
62,"28.5, -81.6",77705.1320912852,0.0007243499579266064
63,"28.1, -81.5",80857.8557208324,0.0003544571296457887
64,"28.5, -81.5",68130.40490556309,0.0005782671710051102
65,"28.6, -81.5",66030.35534066231,0.001980802062474479
66,"30.3, -81.5",5351.91583107731,0.0013348457906677295
67,"28.6, -81.4",56411.2222312211,0.0003555994833908301
68,"28.2, -81.3",58540.3782595983,0.002660372072156203
69,"28.6, -81.3",46849.16583624679,0.002231028082817856
70,"28.8, -81.3",2255.62139588746,0.0003761947160027674
71,"29.9, -81.3",5114.71436229348,0.0017015520306060267
72,"29.3, -81.0",39700.622700309905,0.0011124130592339778
73,"27.3, -80.9",9373.8493707672,-5.4887585144386774e-06
74,"28.3, -80.7",44.0462427040353,0.0008968397221207276
75,"27.8, -80.5",609.290238228097,0.0010980453599425722
76,"25.7, -80.4",9295.28548416047,0.0008222363839423069
77,"25.8, -80.4",7555.08949726922,0.0015141661157903688
78,"25.7, -80.3",2253.02419622643,0.0010870411080089433
79,"25.8, -80.3",900.053892360683,0.0
80,"25.9, -80.3",1489.70554041362,0.0015611297232159193
81,"26.0, -80.3",2036.9956510111301,0.0049336783961702315
82,"26.2, -80.3",6007.09049477675,0.00015933714353463132
83,"25.8, -80.2",1340.29290905207,-0.0009352468631105009
84,"25.9, -80.2",482.070850206742,0.0010763256292180875
85,"26.2, -80.2",1107.4714963921301,0.00020974295225302156
86,"26.3, -80.2",3246.62249859541,0.001428586801183969
87,"25.9, -80.1",2204.0755567311103,0.011711767057797454
88,"30.3, -87.5",1467.72704011974,0.00031579642826540873
89,"30.3, -87.4",140.8844604673,0.0003008223173467784
90,"30.4, -87.4",24.926992834582,0.0002071546459397157
91,"30.5, -87.4",2408.73213879096,0.00015828575327879978
92,"30.6, -87.4",12002.883798557801,1.4385411775627812e-05
93,"30.7, -87.4",17795.996220124598,1.4385411775627812e-05
94,"30.4, -87.3",2017.07596047969,0.0005730876375573244
95,"30.5, -87.3",7507.610651066959,0.0005345117974640801
96,"30.6, -87.3",4924.751107859821,0.0003039486236368969
97,"30.9, -87.3",32674.536002307002,3.6605119417586204e-05
98,"30.3, -87.2",5021.06754512456,
99,"30.4, -87.2",646.585936706387,0.0005815213082603635
100,"30.5, -87.2",3222.91218716848,0.0018458795776884385
101,"30.6, -87.2",1044.0944237374301,7.991274199645644e-05
102,"30.7, -87.2",10966.6785017006,0.0001010745598382456
103,"30.3, -87.1",7555.91558753116,0.000318366667619315
104,"30.4, -87.1",559.3736439602179,0.0013860762284683046
105,"30.5, -87.1",128.350604944227,0.00011210334578408605
106,"30.6, -87.1",5594.27373196624,0.0003642990093641033
107,"30.8, -87.1",18935.8301062336,1.7215454491838245e-05
108,"30.4, -87.0",969.071549792003,0.0008008228544819938
109,"30.5, -87.0",678.698001476693,0.00011210334578408605
110,"30.6, -87.0",841.5752615036059,4.47928648886214e-05
111,"30.7, -87.0",5678.011563618771,0.00016087471831249434
112,"30.8, -87.0",16737.1965582107,1.7215454491838245e-05
113,"30.4, -86.9",116.56421202665001,0.0007078857562000167
114,"30.5, -86.9",4936.52671481933,1.798954619327073e-05
115,"30.6, -86.9",7102.76502197218,1.2539794640569415e-05
116,"30.8, -86.9",19637.527142242,4.012141467117477e-06
117,"30.4, -86.8",663.9339113309089,0.0006136070728012108
118,"30.6, -86.8",15955.5243159368,1.2539794640569415e-05
119,"30.7, -86.8",20322.5880986251,1.2539794640569415e-05
120,"30.4, -86.7",117.70767083354099,0.0003061847758702316
121,"30.5, -86.7",9430.281819447679,0.000557986210536365
122,"30.7, -86.7",26857.4300115775,0.00011936207755763936
123,"30.4, -86.6",26.294837009257,0.002164389260583364
124,"30.5, -86.6",2755.3190685003497,0.0010089666775827757
125,"30.7, -86.6",21888.3175584862,0.00011936207755763936
126,"30.8, -86.6",32213.345990848902,0.00036146802017292143
127,"30.4, -86.5",674.520988038019,0.001010177786906719
128,"30.5, -86.5",170.699416492265,0.0003001909906412654
129,"30.7, -86.5",19629.5461557348,0.0003474804186829833
130,"30.8, -86.5",30724.7204413425,2.9565344648504006e-05
131,"30.4, -86.4",90.9299042276743,0.0007483478735197164
132,"30.5, -86.4",1700.66281021375,0.0009768249183279567
133,"30.8, -86.4",32145.5940398738,2.9565344648504006e-05
134,"30.9, -86.4",42872.9203086711,1.5096183829459726e-05
135,"30.4, -86.3",170.038138359124,0.0017865951050800193
136,"30.7, -86.3",22833.5267153227,9.75523928411934e-06
137,"30.8, -86.3",33716.5881751929,3.011504677691259e-05
138,"30.3, -86.2",3911.50411107204,
139,"30.4, -86.2",209.736939232377,0.00024225488840270615
140,"30.5, -86.2",28.138056449926502,0.00018414026260196105
141,"30.8, -86.2",32335.0239388319,5.659259637196718e-05
142,"30.3, -86.1",743.8412697458099,0.000292824070472408
143,"30.4, -86.1",2721.3791996618897,1.7263785819659046e-05
144,"30.5, -86.1",3265.1346625659603,1.7263785819659046e-05
145,"30.3, -86.0",1339.21942071815,0.000292824070472408
146,"30.4, -86.0",6578.600607787621,1.7263785819659046e-05
147,"30.7, -86.0",26446.5262551407,1.3963203918730761e-05
148,"30.9, -86.0",47045.9381295085,1.0620993296109808e-05
149,"30.2, -85.9",2551.7167630732397,0.0016334374147236787
150,"30.3, -85.9",1447.71867660719,0.0007494399311092613
151,"30.4, -85.9",9377.45944987328,6.852580430099607e-06
152,"30.5, -85.9",13591.2804123851,1.7263785819659046e-05
153,"30.7, -85.9",30322.1052027562,1.3963203918730761e-05
154,"30.9, -85.9",50552.5340212046,1.0620993296109808e-05
155,"31.0, -85.9",60705.894976418895,1.0620993296109808e-05
156,"30.1, -85.8",10634.0162340662,0.0018121715725191601
157,"30.6, -85.8",27563.9930747249,9.904899597117614e-06
158,"30.7, -85.8",35352.714136091,9.904899597117614e-06
159,"30.8, -85.8",44564.980963264294,1.2975952622577621e-06
160,"30.1, -85.7",119.543860955881,0.0002336269973805269
161,"30.3, -85.7",3489.0838547479498,0.00041609959834966107
162,"30.6, -85.7",31993.587492423998,7.977713463488913e-06
163,"30.8, -85.7",49996.212572942306,3.119652422623033e-05
164,"30.1, -85.6",764.725000270746,-0.0014749419440563906
165,"30.2, -85.6",3034.95874967276,0.0006555028575380815
166,"30.3, -85.6",299.388009708339,0.00010034367709404711
167,"30.1, -85.5",3905.6733495809294,2.3922569424663304e-05
168,"30.3, -85.5",5327.41642007208,0.00010034367709404711
169,"30.9, -85.5",65288.703454283495,-1.427046784693734e-06
170,"29.8, -85.4",844.392411548154,
171,"29.9, -85.4",2657.49466268062,5.401840118107099e-05
172,"30.0, -85.4",2204.33962303726,0.00011258016340399522
173,"29.7, -85.3",823.3441100365931,
174,"29.8, -85.3",131.136353738102,
175,"29.9, -85.3",4512.88918773076,5.401840118107099e-05
176,"30.0, -85.3",6724.17696635984,7.631076618792833e-06
177,"30.5, -85.3",33695.8095541874,4.125111299781543e-06
178,"29.7, -85.2",202.763301759926,1.72205915463118e-05
179,"30.0, -85.2",13522.721903141899,7.631076618792833e-06
180,"30.1, -85.2",19330.6115422187,7.631076618792833e-06
181,"30.2, -85.2",22488.1952542645,7.631076618792833e-06
182,"30.3, -85.2",29743.641461158702,4.125111299781543e-06
183,"30.5, -85.2",41445.607554288705,8.335474257947457e-06
184,"30.7, -85.2",56149.9063817289,0.00010410303184524496
185,"30.8, -85.2",64981.1527656679,4.645883399966241e-05
186,"29.9, -85.1",8393.07803895887,1.72205915463118e-05
187,"30.1, -85.1",27065.047019525096,7.631076618792833e-06
188,"30.4, -85.1",44420.154689005896,1.4237974791162585e-05
189,"30.5, -85.1",49591.745063487404,8.335474257947457e-06
190,"29.7, -85.0",1467.29093065948,3.702146253166357e-05
191,"29.8, -85.0",232.140055603709,3.702146253166357e-05
192,"30.4, -85.0",51196.977003192005,1.4237974791162585e-05
193,"29.6, -84.9",4091.66421767021,8.446887681023785e-05
194,"29.7, -84.9",4234.16372681744,8.446887681023785e-05
195,"29.8, -84.9",632.874132140259,7.444091894893909e-06
196,"29.7, -84.8",587.444819787587,7.444091894893909e-06
197,"30.7, -84.8",85649.19632590571,9.138348242245097e-06
198,"29.8, -84.7",2201.60610322817,-2.7286345892623973e-06
199,"29.9, -84.7",2917.03574555034,-2.7286345892623973e-06
200,"29.8, -84.6",6853.95497458824,-2.7286345892623973e-06
201,"29.9, -84.6",917.8745287504789,-2.7286345892623973e-06
202,"30.6, -84.6",24373.3471239618,8.223892655789838e-05
203,"30.1, -84.5",6937.5136333850705,7.61894748042318e-06
204,"29.9, -84.4",24.4529446386167,
205,"30.0, -84.4",732.572948521478,0.00011915091895445452
206,"30.2, -84.4",13586.2817712559,3.094884889335737e-05
207,"30.0, -84.3",4563.9288908936,
208,"30.1, -84.3",1331.06902782532,0.00011915091895445452
209,"30.2, -84.3",3440.8487344694204,0.00011915091895445452
210,"30.3, -84.3",6909.36754163165,9.891946143885827e-05
211,"30.4, -84.3",9445.997976717908,0.0004871389831178418
212,"30.5, -84.3",479.235058451288,0.00029443713986157007
213,"30.7, -84.3",12080.5896430614,6.4854554775625e-05
214,"30.2, -84.2",2011.53092577132,9.571335051398401e-06
215,"30.3, -84.2",7292.77599572078,1.7627256120345075e-05
216,"30.1, -84.0",593.408340941237,
217,"29.9, -83.7",2575.30787631644,
218,"29.8, -83.6",1080.86589120718,3.5147587200375184e-06
219,"30.1, -83.6",15638.4697908527,0.00012792940070175115
220,"30.2, -83.6",22154.773318535,1.2584872554138296e-05
221,"29.7, -83.4",2690.05948211404,3.5147587200375184e-06
222,"30.5, -83.4",60312.4240092116,3.380531719604754e-05
223,"29.4, -83.3",4075.9753149818703,
224,"29.5, -83.3",2250.8992142799802,
225,"30.4, -83.3",58284.937188736396,9.375630951407809e-06
226,"30.6, -83.3",74898.2856402694,-1.2944290889431654e-06
227,"29.5, -83.2",6491.874919541619,9.54176278812474e-06
228,"29.6, -83.2",16972.4240700534,9.54176278812474e-06
229,"30.0, -83.2",28701.0761087497,6.769037905293529e-07
230,"30.1, -83.2",39006.3513881396,-8.942901971977041e-07
231,"30.2, -83.2",49654.9784361134,9.664901033847498e-06
232,"30.4, -83.2",65768.1757590635,3.1338443187626143e-06
233,"29.3, -83.1",667.489196280224,4.731203199154497e-06
234,"29.6, -83.1",12276.7115685699,1.940455018768883e-06
235,"30.1, -83.1",43051.1767764386,-8.942901971977041e-07
236,"30.3, -83.1",63145.5295182712,9.664901033847498e-06
237,"30.6, -83.1",87449.878540395,3.1338443187626143e-06
238,"29.1, -83.0",7043.93699809711,
239,"29.2, -83.0",2155.20041166278,
240,"29.4, -83.0",1885.4480603069298,4.731203199154497e-06
241,"29.5, -83.0",1446.7949278926699,2.2859467679003156e-05
242,"29.6, -83.0",2813.5869034430298,1.8704704128049093e-05
243,"30.0, -83.0",40917.8111049154,4.680279077691099e-06
244,"30.3, -83.0",67113.35237639019,8.036495138515702e-05
245,"30.5, -83.0",87305.8779346167,1.1345734487853712e-05
246,"29.5, -82.9",7004.0781332650095,2.2859467679003156e-05
247,"29.7, -82.9",10820.966188581899,1.8704704128049093e-05
248,"29.8, -82.9",20599.1516272766,6.50923541154635e-06
249,"29.9, -82.9",31273.5806982791,4.680279077691099e-06
250,"30.0, -82.9",48771.320136234695,4.680279077691099e-06
251,"30.2, -82.9",63384.5528718786,1.7739480077433032e-05
252,"30.4, -82.9",81497.7681392081,1.3923769828424547e-05
253,"30.5, -82.9",91232.6739552457,1.1345734487853712e-05
254,"29.6, -82.8",12824.0639939235,2.0298251515219314e-05
255,"29.9, -82.8",34720.7759826717,6.50923541154635e-06
256,"30.3, -82.8",78067.6527684282,8.563102538200616e-06
257,"27.4, -82.7",3618.4405226134004,0.0015124165148238831
258,"27.7, -82.7",1482.32500596617,0.002232686022693882
259,"28.8, -82.7",47.95758846506779,3.2550494493873724e-05
260,"29.0, -82.7",480.851425099648,8.525382780911552e-05
261,"29.9, -82.7",40243.32734312,2.3578524046214694e-05
262,"30.1, -82.7",58864.577613223795,5.7502090062780014e-05
263,"30.2, -82.7",77336.3183141675,0.00017606393619558342
264,"27.7, -82.6",6871.7870363127395,
265,"28.2, -82.6",10572.2203413182,0.0013013660787182164
266,"28.3, -82.6",10851.49473181,7.697181078070284e-05
267,"28.5, -82.6",2166.77619374862,0.000730241865498688
268,"28.8, -82.6",61.657801223126604,3.2550494493873724e-05
269,"29.8, -82.6",39485.7982477615,6.765990200890718e-05
270,"30.2, -82.6",73185.8129950413,0.00010313815245076218
271,"27.6, -82.5",4397.67358201008,0.00013708896708558978
272,"28.7, -82.5",7611.087534361371,0.00010991806296380526
273,"26.9, -82.4",4631.07089474205,0.0006566980901429396
274,"27.0, -82.4",528.90161396335,0.0009713741734044428
275,"28.3, -82.4",27977.1676770937,0.00015927097901513362
276,"28.7, -82.4",17245.6026180511,2.1178221662747703e-05
277,"29.6, -82.4",51492.718240881906,0.00017579186276669618
278,"29.7, -82.4",52814.6683162561,0.0004614447983482599
279,"29.9, -82.4",61681.975496702806,2.3686439883447233e-05
280,"30.0, -82.4",68425.0063490157,1.343923423080346e-05
281,"26.9, -82.3",655.2110586328009,0.00034529233085928363
282,"28.4, -82.3",30708.4935679932,1.637255435075193e-05
283,"28.7, -82.3",26958.785860582404,3.818766080860529e-05
284,"28.8, -82.3",28049.4920191396,0.00028283393903742455
285,"28.9, -82.3",25026.9686461064,6.981076248318167e-05
286,"29.0, -82.3",14243.537736778899,5.59713881852939e-06
287,"30.0, -82.3",40986.7455642229,1.343923423080346e-05
288,"27.9, -82.2",6015.21264139923,0.0005152215646169893
289,"28.3, -82.2",139932.4641554,-4.2489941392653785e-05
290,"28.9, -82.2",23691.1707075319,-4.906020260391094e-06
291,"29.9, -82.2",34672.3123102955,1.4421716139647754e-05
292,"30.3, -82.2",39550.7572525289,2.736027685010761e-05
293,"26.4, -82.1",2719.49653397549,0.0006045440562453396
294,"26.6, -82.1",118.369557613132,-1.3107853863716166e-05
295,"26.9, -82.1",4967.805669410251,0.0012468924151215464
296,"27.9, -82.1",130224.30702265301,4.330673170871515e-05
297,"28.7, -82.1",121157.18198059301,-2.2494904410541e-06
298,"29.8, -82.1",33990.2495174679,0.00020600609550051747
299,"29.9, -82.1",26349.686861067203,3.2577284264010703e-05
300,"30.0, -82.1",21902.8517515386,3.2577284264010703e-05
301,"30.3, -82.1",32511.7047529906,0.00010574623570267107
302,"27.1, -82.0",1299.25688542321,5.2209452580409064e-05
303,"28.1, -82.0",127156.31934491199,0.0007212937572167278
304,"28.9, -82.0",110845.46405696901,0.002455842470239424
305,"29.7, -82.0",39245.5604738671,2.7700891038638302e-05
306,"30.2, -82.0",17830.4431710477,4.114885671332079e-05
307,"26.4, -81.9",4391.12869994467,0.0020779140344357743
308,"26.6, -81.9",516.008736711009,0.0007021450336816257
309,"26.7, -81.9",6437.54256248291,0.0004884291514972099
310,"27.2, -81.9",1090.7426674074,8.011755186376441e-05
311,"27.3, -81.9",65003.5947852139,8.496869754397538e-06
312,"28.0, -81.9",121419.944878091,0.0005247873298624474
313,"28.1, -81.9",117755.183814771,0.000379258372038919
314,"30.0, -81.9",4671.04077070031,9.30425294587226e-05
315,"30.1, -81.9",3157.9993166767,0.00021190924706707766
316,"30.3, -81.9",14445.1249230505,0.00030816818703926043
317,"24.5, -81.8",4908.9390188283705,8.574570178653691e-05
318,"24.6, -81.8",79.7017184455398,-0.0003114597593311815
319,"26.1, -81.8",22.9746703212668,0.0006738435145081802
320,"26.2, -81.8",885.376505581311,0.0017335267554580808
321,"26.3, -81.8",1261.7812637064699,0.00041422685548720046
322,"26.7, -81.8",459.327132257315,0.0002878464703451886
323,"26.8, -81.8",9195.69214051176,6.630204318656835e-05
324,"28.0, -81.8",112312.23541834301,0.00036246745601735457
325,"28.5, -81.8",96924.9019058409,0.0008617753279587664
326,"30.1, -81.8",13163.8653185923,0.00034843299455395056
327,"30.4, -81.8",15911.3838005832,2.7968732382466807e-05
328,"24.6, -81.7",199.52255284284803,0.00018039890628050996
329,"26.1, -81.7",4387.47355700983,0.0018253276107760821
330,"27.5, -81.7",73296.20901104099,5.155810501713108e-07
331,"28.0, -81.7",103186.343971816,0.00040651265625933516
332,"28.1, -81.7",99135.6421044253,0.0005858635022551946
333,"30.2, -81.7",5207.27696787974,0.0006568633499787944
334,"30.3, -81.7",3645.1786077478996,0.003648170690294706
335,"30.4, -81.7",75.68632066536809,0.0015368575404130166
336,"24.6, -81.6",21.111243626213,5.155032218170379e-05
337,"30.1, -81.6",2521.7200630354,0.000792695769522216
338,"30.2, -81.6",2002.1018868295398,0.0012197597758421225
339,"30.3, -81.6",464.27638581347395,0.0001576350810910265
340,"30.4, -81.6",1151.11311650639,0.0016407145980862046
341,"30.5, -81.6",2670.74002738216,0.0004547182562507381
342,"24.6, -81.5",2812.69823333657,0.000237686071334628
343,"24.7, -81.5",429.074413597135,0.0003908374259740481
344,"27.6, -81.5",62802.75738335941,0.0002889065414105147
345,"28.4, -81.5",70826.97018721809,0.0004294546107885643
346,"30.5, -81.5",156.63715152204398,8.301705519539268e-05
347,"24.6, -81.4",2375.01507377314,0.00027032617584784755
348,"24.7, -81.4",742.459982448684,0.000237686071334628
349,"28.5, -81.4",58617.6198944642,0.0032413966025199043
350,"28.7, -81.4",53693.9294870487,0.00029609505394384463
351,"30.2, -81.4",787.68766119912,0.0005224697454553373
352,"30.3, -81.4",2310.7105403300898,0.004920760590390282
353,"24.6, -81.3",5495.08714234405,0.00027032617584784755
354,"24.7, -81.3",1626.1165045050598,6.500787823090133e-05
355,"28.7, -81.3",44248.9091567365,0.0010739469486534012
356,"24.7, -81.2",1910.47760718833,-0.00014965316238356498
357,"24.7, -81.1",58.0841523395795,-0.00014965316238356498
358,"29.3, -81.1",31118.3604886916,0.0004223736383424714
359,"24.7, -81.0",2696.3419418582002,0.0005159171938365031
360,"24.8, -81.0",4543.78638591599,0.0005159171938365031
361,"27.9, -81.0",41629.3985785523,3.2772515997024536e-06
362,"29.2, -81.0",35939.6010920595,0.0011903532687650197
363,"24.8, -80.9",1303.7335393537,0.0002443248780380916
364,"26.8, -80.9",19103.6156191765,
365,"28.8, -80.9",13682.293753528602,4.338448901163305e-05
366,"24.8, -80.8",1281.67943630373,0.0002443248780380916
367,"24.8, -80.7",6357.95180880062,0.0003508160093985401
368,"24.9, -80.7",224.32444188802003,0.0003508160093985401
369,"28.0, -80.7",10283.1400764931,0.0006672686490963043
370,"24.9, -80.6",3599.64111618449,0.0006923076923076923
371,"25.0, -80.6",798.0902292946021,0.0006923076923076923
372,"25.0, -80.5",1625.38512461379,0.0008310332008106323
373,"25.1, -80.5",331.170796657738,0.0007662244750401472
374,"25.4, -80.5",4910.61930664267,0.0006648085029906133
375,"25.5, -80.5",5993.62521064449,0.00020402955199520323
376,"25.1, -80.4",668.015401868081,0.00039517959398872236
377,"25.2, -80.4",794.2662211596801,0.0005432358787368209
378,"25.9, -80.4",5503.962942132629,0.0006351006861876372
379,"25.6, -80.3",890.706373244781,0.0006458148519101445
380,"26.1, -80.3",4377.5409810181,0.0003114062241063373
381,"27.2, -80.3",164.890186383985,0.0007512724688476986
382,"27.6, -80.3",6344.95961983329,0.0008969171494983771
383,"25.7, -80.2",4515.23621892094,0.004543700382240517
384,"26.0, -80.2",3329.0900242727002,0.0017981378668139867
385,"26.1, -80.2",976.8927959675141,0.0020075899241859345
386,"26.4, -80.2",8063.139569784399,0.0009609788926834158
387,"26.8, -80.2",31471.248348713198,0.00012540177187751216
388,"27.1, -80.2",7161.505926758559,0.0010864451033832793
389,"27.2, -80.2",175.098999932479,0.0006746906178152001
390,"27.3, -80.2",4873.60788970689,0.00269693103806872
391,"25.8, -80.1",2426.17725054578,-0.0015925350784759258
392,"26.0, -80.1",1612.4778777802499,0.0010170751244294167
393,"26.1, -80.1",524.065148104235,0.0013948275063649074
394,"26.2, -80.1",96.1121025413967,0.0035976292809727505
395,"26.3, -80.1",974.1953683794369,0.0017092851302469196
396,"26.4, -80.1",95.7389178251636,0.0005076718437385131
397,"26.5, -80.1",1637.9790467683,0.0003750387634713947
398,"26.6, -80.1",1073.3392211487198,0.00033457710002488244
399,"26.7, -80.1",4926.28616395869,0.001249924136394905
400,"26.9, -80.1",681.362928121415,0.0012488089718402666
401,"26.6, -80.0",3645.99423875055,0.007925534130190339
402,"26.7, -80.0",3260.21220984315,0.001878076792491452
403,"28.4, -82.7",38.174312750895204,6.052253884589866e-05
404,"27.6, -82.6",1486.2582305431301,0.00014690941399669443
405,"28.6, -82.4",19934.1893102603,0.00032905915859179647
406,"26.5, -82.2",1122.68606606382,-1.3107853863716166e-05
407,"26.7, -82.2",1169.4549833470599,0.0003279555838314528
408,"26.5, -82.0",325.070211547719,0.0005706785506269154
409,"26.6, -82.0",8622.25808583704,0.0011034455130150605
410,"26.5, -81.9",4536.37269618106,0.0014025251014097829
411,"29.1, -81.9",29486.5939602896,3.477965966646971e-05
412,"27.5, -81.8",81195.7595299414,1.719720068907071e-06
413,"25.9, -81.7",6104.033353973051,0.0036777160608249333
414,"26.2, -81.7",8170.802032785641,0.0021407428120736242
415,"26.3, -81.7",10085.3659438342,0.0008042344255614684
416,"29.6, -81.6",182.856523726743,0.0002055505292532324
417,"26.2, -81.5",6552.96800915053,4.653365923178242e-05
418,"30.6, -81.5",911.660286301404,0.00033685885048352176
419,"25.9, -81.4",1353.6393591031501,0.00031600855136323
420,"30.1, -81.4",2726.24740934521,0.0005887526266586228
421,"30.7, -81.4",2554.5717693697197,0.00039225752817013455
422,"27.3, -81.3",29668.4973487312,4.57881759637908e-05
423,"29.1, -81.3",6784.85806344481,0.00020196423808550165
424,"29.8, -81.3",16089.2352391829,0.00041112670684279376
425,"30.0, -81.3",3349.8694488456895,
426,"28.4, -81.2",42527.3678243538,0.0009466544137415377
427,"29.5, -81.2",23068.113474284302,0.0006004928514735545
428,"29.6, -81.2",29158.7212322057,0.0012780738141418653
429,"29.7, -81.2",27239.834616146298,0.00037691446747673327
430,"29.8, -81.2",19448.0733000322,-0.0009080446246847502
431,"28.7, -81.1",25552.9523506288,4.4468000312709794e-05
432,"29.4, -81.1",29403.3863558146,0.0006983075622571379
433,"29.5, -81.1",31738.7008226844,0.0014844041351741548
434,"29.0, -81.0",16764.1069160227,0.0002841408411124824
435,"29.1, -81.0",27047.753042713703,0.0004230093245314404
436,"28.9, -80.9",7311.053808151701,1.801143326573997e-05
437,"29.0, -80.9",141.078355320663,0.00030647480137488485
438,"29.1, -80.9",5019.46831601665,
439,"27.2, -80.8",554.731003783174,0.0005751196643021628
440,"28.4, -80.8",5030.32987935443,0.00024867269332585557
441,"28.5, -80.8",1951.44157546302,0.0001566753147784558
442,"28.9, -80.8",4553.90989453101,0.00015563087068425782
443,"29.0, -80.8",6033.89272920634,0.00030647480137488485
444,"28.1, -80.7",5871.93226924765,0.00013933057460186547
445,"28.2, -80.7",3703.37805698575,0.0012284288116789896
446,"28.4, -80.7",176.209355690363,0.0010417109421420549
447,"28.5, -80.7",6377.90477157378,1.6080032538418773e-05
448,"25.5, -80.6",3846.96852483099,0.00020402955199520323
449,"28.0, -80.6",1777.0567200005603,0.00036273777380165336
450,"28.1, -80.6",1057.9950546442901,0.0006375836015232596
451,"28.2, -80.6",5297.72244251466,0.0020338956845748096
452,"28.4, -80.6",5779.179410203969,0.002579918327487082
453,"25.6, -80.5",12480.777273345,0.00012115444444990711
454,"25.7, -80.5",17866.0893670496,0.0
455,"27.7, -80.5",7813.835441443341,7.969099204368184e-05
456,"27.9, -80.5",967.685407671761,0.0015886175618971174
457,"28.0, -80.5",5278.55281204541,0.0003152626287522167
458,"25.5, -80.4",3838.04593351516,6.207283400622894e-05
459,"25.6, -80.4",4162.086052357639,-9.02565537514995e-06
460,"26.0, -80.4",5381.52603956758,0.001034601884412693
461,"26.1, -80.4",12357.785251796799,0.000542328500942107
462,"27.3, -80.4",5889.327093423579,0.0011772156705259704
463,"27.4, -80.4",351.715998525503,0.0002469386765965901
464,"27.5, -80.4",5433.798971122021,3.138541788664771e-05
465,"27.6, -80.4",1423.48969854759,0.0008580745233576173
466,"27.7, -80.4",261.212995654721,0.0003016551935369303
467,"27.8, -80.4",4787.77687789808,0.00042825771941937984
468,"26.3, -80.3",9222.32247025243,0.001291137878874757
469,"26.6, -80.3",48274.47372208849,0.00015106777720413643
470,"26.7, -80.3",37935.9788967931,3.884949412828581e-05
471,"27.1, -80.3",482.815038824237,1.7377180461368888e-05
472,"27.3, -80.3",1121.82961544258,0.0005252964638733598
473,"27.4, -80.3",3324.60020471039,0.00037589795855610654
474,"27.5, -80.3",3673.19240102721,0.00039639941316857425
475,"26.5, -80.2",9324.18378223179,0.0007654232579496319
476,"26.6, -80.2",10750.5358647881,0.0002919146261644789
477,"26.7, -80.2",14392.7646882431,7.739859186392222e-05
478,"26.9, -80.2",21628.649277251003,0.0001292709819575567
479,"27.0, -80.2",13766.3952949492,2.8253771650620248e-05
480,"26.8, -80.1",14944.8565832087,0.00031601695309953014
481,"27.0, -80.1",770.859671712495,0.00015726652619563875
482,"27.1, -80.1",2866.7486923557103,
483,"26.5, -80.0",5089.66749952255,0.0013987532438551895
484,"26.8, -80.0",3137.63856237435,0.0031880647185519384
485,"26.9, -80.0",5625.63902757499,0.0007980855563945653
486,"30.5, -84.1",18212.3021154469,2.924448819161293e-05
487,"29.0, -82.6",873.756432086143,8.525382780911552e-05
488,"27.7, -82.5",509.531770908636,0.00010326893120520461
489,"27.0, -82.3",2936.57548261228,0.00021468438758854248
490,"26.4, -82.0",5605.9252526037,0.0010251120528003727
491,"26.8, -82.0",16484.846171361998,3.5778542642302615e-05
492,"27.0, -82.0",254.320791403764,0.0002975326177577856
493,"26.5, -81.8",11918.955985676299,0.00043295929386356056
494,"30.2, -81.8",13142.8739300246,0.0011280767679399022
495,"29.8, -81.6",4768.09123905053,1.2120006756480357e-05
496,"30.4, -81.5",577.132808793582,0.0016694429730922035
497,"30.5, -81.4",2132.15989756525,0.0004060270876700098
498,"29.2, -81.1",26506.0492332608,0.0002476753117719415
499,"29.7, -85.4",1769.6531998288501,
500,"30.6, -84.8",42986.0644334104,9.138348242245097e-06
501,"30.3, -84.4",11602.731195455,3.094884889335737e-05
502,"30.6, -84.3",1036.8526115591699,2.6576028175738392e-05
503,"30.4, -84.2",13556.8310272583,0.00025405236537787574
504,"30.5, -84.2",8652.73325086778,0.00012386005665311167
505,"29.0, -82.5",4181.765951670271,0.0001628270195341169
506,"27.2, -82.4",5675.5867425622,0.0008409637793541479
507,"27.4, -82.4",14514.250766801,0.0009225641974944556
508,"27.5, -82.4",1063.54916258541,0.0003861331746740056
509,"27.6, -82.4",5491.5509872415705,0.0009514820884494838
510,"28.9, -82.4",18145.8179225249,0.00016247926060487857
511,"26.7, -82.3",4210.97232134385,0.00033554058284095405
512,"26.6, -82.2",1384.1443702087197,-2.0942701483421718e-05
513,"27.1, -82.2",6878.68539322736,0.000504830536952927
514,"26.5, -82.1",105.95331731440099,0.0002094990468981963
515,"26.7, -82.1",2319.19144404533,0.0001747439119690792
516,"26.7, -82.0",13651.794877581899,0.0005785522702950888
517,"27.2, -82.0",1167.22357240829,1.4822966366988607e-05
518,"26.3, -81.9",6200.87582557345,
519,"28.2, -81.9",114504.856647736,5.494682979781863e-05
520,"27.4, -81.8",74563.038275392,5.155810501713108e-07
521,"28.1, -81.8",108412.63229619699,0.0015169468161142774
522,"26.0, -81.7",2089.00379766785,0.0009402447079878896
523,"26.7, -81.7",2412.35084966783,0.0002462112630395102
524,"29.5, -81.7",1208.24799432513,0.0
525,"30.1, -81.7",4659.3463580704,0.0005075737352837203
526,"29.4, -81.6",2973.67278998639,2.079986462981261e-05
527,"29.5, -81.6",3927.40566609068,4.626523421798953e-05
528,"29.9, -81.6",1076.96620171671,2.4152762445856278e-06
529,"30.0, -81.6",870.3301819522251,0.00011289734744071151
530,"29.2, -81.5",3240.1082734700103,1.9950070322137315e-05
531,"29.4, -81.5",939.6519341121041,4.039218343469217e-05
532,"30.0, -81.5",5942.3457801308705,0.0002961516006897441
533,"30.2, -81.5",7296.67078700575,0.0006935500468554289
534,"25.8, -81.4",4709.55093959721,0.00031600855136323
535,"29.0, -81.4",1565.08985152939,0.00023968912519533564
536,"29.3, -81.4",9958.2462023238,1.864730551574637e-05
537,"29.4, -81.4",962.7965173349,4.893456151415835e-06
538,"29.9, -81.4",8957.62087750646,0.00022294039006757227
539,"28.5, -81.3",49203.52179311321,0.001388812532848369
540,"29.0, -81.3",3919.79888112743,0.0006793541145395867
541,"29.6, -81.3",21403.551653155,0.00027092392100216197
542,"28.5, -81.2",39805.5413004955,0.0005157258293016364
543,"28.6, -81.2",37377.6995590598,0.0009876867313966383
544,"28.7, -81.2",34970.198983313996,0.00027062403850885037
545,"28.9, -81.2",6066.0760497170395,0.0006958120728994756
546,"29.4, -81.2",19720.7971328505,0.0001309907213885506
547,"29.0, -81.1",14838.822055454499,0.0005525328309165747
548,"29.1, -81.1",25769.8074094761,6.609642768438132e-05
549,"28.6, -80.8",459.284475628639,0.0020163822259069114
550,"30.8, -85.5",54311.1943670013,2.378478544948071e-06
551,"28.5, -82.4",18038.0406491736,2.8829248097921403e-05
552,"28.0, -82.2",15043.5566021347,0.00015047448255709844
553,"28.6, -82.1",122813.99723192,4.348742189831855e-06
554,"27.9, -81.9",114340.56970574301,0.00025545747689579386
555,"28.8, -81.7",81514.68229999559,0.0015278812729450412
556,"26.7, -81.5",3721.7900639526792,4.2162763773823254e-05
557,"28.7, -81.5",63230.771900930595,0.0005298488941976909
558,"30.7, -81.5",3052.39605500997,0.00039225752817013455
559,"28.3, -81.4",64506.3349562371,0.0005794903807688537
560,"28.9, -81.3",3739.2587762255393,0.0008227592837271073
561,"27.4, -81.2",25833.7033701202,2.2345703678915532e-05
562,"28.8, -81.2",142.879038055418,0.0003553062563098731
563,"26.7, -80.9",23871.873587885097,0.00022747547356044537
564,"27.6, -80.5",11202.560512276299,0.00020942305992170484
565,"30.8, -86.7",33623.5306497427,1.275143309486146e-05
566,"30.7, -85.0",70001.3150495599,-1.8743606865557203e-05
567,"30.1, -84.4",4750.14011138589,0.00011915091895445452
568,"29.3, -82.8",11030.4798218975,1.9831719930024537e-06
569,"28.5, -82.7",3495.6726530087203,0.00017679081683036885
570,"28.4, -82.6",6236.83747090955,0.00031281093614910047
571,"30.1, -82.6",63752.70982033,6.456928540673969e-05
572,"28.8, -82.5",8563.4075626924,8.276270392469626e-05
573,"29.7, -82.3",62272.1746671092,3.0174702803528335e-05
574,"27.0, -82.2",940.9493708515871,0.00016933890045354514
575,"28.4, -82.2",137395.634363154,0.0018056455341354575
576,"27.4, -82.1",41518.0797690244,2.893823258271211e-06
577,"28.6, -82.0",113251.934016381,4.348742189831855e-06
578,"30.7, -82.0",35118.2904661915,1.4326373331774672e-05
579,"27.9, -81.8",106877.17218174199,0.00022233646765854102
580,"27.8, -81.7",92147.5305523581,-4.760476651432963e-06
581,"28.3, -81.6",83200.8171106543,0.0006843148941357623
582,"28.6, -81.6",75490.3937708086,
583,"27.5, -81.5",56633.366963272405,0.00015494556754495046
584,"28.3, -81.5",73797.5870981604,0.00027194755214933177
585,"28.3, -81.3",55175.9203777957,0.000575196204611736
586,"28.3, -80.6",746.786514724402,0.0019768944750915523
587,"30.3, -87.3",4117.0255839925,0.00014005989289408925
588,"30.8, -87.2",21644.2517161314,7.975263019126384e-06
589,"30.5, -86.3",2761.1614771781,0.00018414026260196105
590,"31.0, -86.3",55475.352626659405,3.011504677691259e-05
591,"30.4, -83.1",73646.3427361674,1.4173200827841173e-05
592,"29.7, -83.0",8647.69689378976,1.8704704128049093e-05
593,"29.6, -82.9",3222.68981531271,1.8704704128049093e-05
594,"28.6, -82.7",4422.1702546427005,
595,"29.3, -82.7",12495.252353379099,1.9831719930024537e-06
596,"29.7, -82.7",25406.5083315847,1.589211953076499e-05
597,"28.7, -82.6",578.230649175981,3.2550494493873724e-05
598,"30.3, -82.6",73779.3602099734,4.296690810323045e-06
599,"28.5, -82.5",8422.582852543259,0.0010024846933739103
600,"29.7, -82.5",43449.454769494,0.0001409656612106703
601,"28.4, -82.4",22297.3793158067,-4.365265996220451e-06
602,"29.8, -82.4",56336.3951372921,2.3686439883447233e-05
603,"26.8, -82.3",8758.403709133008,0.0007173056718207772
604,"29.1, -82.3",12257.5437193956,0.00023298917973664025
605,"29.4, -82.3",43584.2885172329,1.808862275943258e-05
606,"26.9, -82.2",1829.3272102451501,3.532663544489946e-05
607,"28.8, -82.2",130224.726863661,0.0001223862974645892
608,"29.2, -82.2",15875.334593733798,0.0003195350311366072
609,"30.0, -82.2",31416.8696250386,3.119500288379487e-05
610,"28.1, -82.1",136576.482529414,2.6932537987633784e-05
611,"28.3, -82.1",130497.155003203,4.666241705222749e-05
612,"29.2, -82.1",6276.89308182968,0.0004282345139107146
613,"29.4, -82.1",19450.7930595196,2.4495118022249595e-05
614,"30.4, -82.1",35626.8963377464,0.00010574623570267107
615,"27.9, -82.0",122143.27524306199,0.0008499620720115979
616,"28.2, -82.0",123914.517164363,5.542463787527345e-06
617,"30.8, -82.0",39124.9600444068,1.4326373331774672e-05
618,"28.6, -81.9",103725.178941187,8.770479093399725e-05
619,"28.8, -81.9",100998.37401274,-5.64637284566823e-06
620,"29.0, -81.9",1341.59202662727,0.00021503633759351206
621,"26.6, -81.8",7240.376713507109,0.0003356236945069917
622,"28.6, -81.8",94244.44725936279,0.00033142461782258354
623,"28.7, -81.8",92106.03675667109,4.984624165239179e-05
624,"28.8, -81.8",91256.4458681803,0.00022275339731962784
625,"30.5, -81.8",8890.56959997458,0.00012186438819827646
626,"30.6, -81.8",12879.147382661498,7.806113408102182e-05
627,"26.6, -81.7",9630.622733808641,0.00040863927884102327
628,"27.9, -81.7",99829.2188271821,8.383823429086078e-05
629,"28.5, -81.7",87321.1519238363,0.00023362263768811638
630,"29.6, -81.7",1568.5926963466102,4.45972953186501e-05
631,"29.8, -81.7",11404.180528183899,1.2120006756480357e-05
632,"30.0, -81.7",4624.34509345664,-0.00011436870581564142
633,"26.7, -81.6",1521.0484232026402,2.9968521963437345e-05
634,"28.0, -81.6",94085.71161338381,2.946706850886501e-05
635,"28.1, -81.6",89966.4019797751,0.00015562250291926646
636,"29.1, -81.6",2707.1526243723,1.4985705386318883e-05
637,"29.3, -81.6",4812.4588725143,1.9950070322137315e-05
638,"30.6, -81.6",1039.5701476527802,7.676210307553053e-05
639,"27.7, -81.5",70197.4983044266,0.00016603833715475293
640,"27.8, -81.5",78472.0140326907,2.5305817601898086e-05
641,"28.2, -81.5",77020.6635902397,0.0002975466154304237
642,"28.9, -81.5",12664.110097949098,3.1165517941177466e-05
643,"29.0, -81.5",5078.97062142174,2.3913208220728795e-05
644,"29.1, -81.5",55.4357424348849,1.4985705386318883e-05
645,"27.3, -81.4",36341.1210403909,0.0003621231878526424
646,"27.8, -81.4",72682.4641276865,8.051583963341665e-05
647,"27.9, -81.4",77910.6333793948,3.40894161264344e-06
648,"28.1, -81.4",71728.8664174639,0.0001434040789206718
649,"28.2, -81.4",67709.6946523245,0.00047364770846716964
650,"28.4, -81.4",61400.6523512425,0.0005937412186219269
651,"28.9, -81.4",3486.1112331453196,4.221097249645322e-06
652,"30.4, -81.4",365.57741719816,0.00033309333241772753
653,"27.1, -81.3",17444.9305063416,4.187387248767582e-06
654,"27.4, -81.3",33993.4980707697,2.2345703678915532e-05
655,"29.2, -81.3",9464.914181675409,0.00011509470556480507
656,"29.5, -81.3",14846.650861823899,0.0007168431281784237
657,"27.8, -81.2",63920.67501515849,3.628962885343901e-07
658,"28.3, -81.2",45692.1783947154,0.00010442396503588906
659,"29.0, -81.2",13351.617075831398,0.00030085587157012623
660,"29.3, -81.2",22186.5051223298,1.8851388693544076e-05
661,"28.1, -81.1",44273.96547434611,3.2772515997024536e-06
662,"28.5, -81.1",30214.143131934303,9.554959660580387e-05
663,"28.6, -81.1",27720.7060469552,0.0005354394858707467
664,"28.8, -81.1",2136.56161468973,1.60598616154294e-05
665,"28.9, -81.1",4026.96094564075,0.00036532597368891433
666,"27.3, -81.0",5516.41527965699,5.61149793476398e-05
667,"28.7, -81.0",16043.920328427901,7.247604561704614e-05
668,"28.8, -81.0",13360.1176518685,1.0226963427064176e-05
669,"27.1, -80.9",2060.81939014103,1.9077878862093643e-05
670,"27.2, -80.9",891.543484725201,1.873639031275542e-05
671,"27.4, -80.9",18267.5409767996,7.894029192218827e-06
672,"27.7, -80.9",38306.3468594775,5.024775505948167e-06
673,"28.6, -80.9",8626.77884431918,3.023920979866458e-05
674,"27.3, -80.8",5970.59385757934,9.411961749420155e-05
675,"27.5, -80.8",27821.4991666806,7.894029192218827e-06
676,"27.6, -80.8",34419.9721506163,5.024775505948167e-06
677,"27.7, -80.8",29436.4145308325,5.024775505948167e-06
678,"28.3, -80.8",8889.80242318345,0.0007973919268660091
679,"26.7, -80.7",32484.7877878931,0.0032644584768758973
680,"26.8, -80.7",21861.5609775688,0.0003824722421624182
681,"27.2, -80.7",3053.24223654088,7.22214952166265e-05
682,"27.3, -80.7",11383.5356627454,7.22214952166265e-05
683,"27.4, -80.7",20591.366408737198,7.894029192218827e-06
684,"27.9, -80.7",16321.5411989343,0.00021672190884277563
685,"27.1, -80.6",5842.89195705635,4.940430730679701e-07
686,"27.2, -80.6",10969.1517783993,7.22214952166265e-05
687,"27.3, -80.6",17588.3735752762,7.041801876108726e-06
688,"27.8, -80.6",6843.21804310193,8.661702272306986e-05
689,"27.9, -80.6",7999.92613672494,3.336917561186873e-05
690,"27.2, -80.5",13924.204830818799,0.00029889292763056837
691,"28.1, -80.5",9422.56537422305,0.0008212091847341346
692,"26.8, -80.4",24084.1243921853,8.59416773529286e-05
693,"27.0, -80.4",3503.2314542219106,1.7377180461368888e-05
694,"27.2, -80.4",5893.969883675861,0.000984400796161146
695,"26.8, -80.3",27796.3006391504,0.00012897642299750824
696,"26.9, -80.3",17468.535309766,6.0968690172028296e-05
697,"30.7, -86.1",23010.2579669348,5.2181152263794564e-05
698,"29.6, -85.0",122.684244503253,8.446887681023785e-05
699,"29.8, -84.8",2930.2257952669106,7.444091894893909e-06
700,"30.6, -84.7",33605.8161546783,1.5565171170788448e-05
701,"29.9, -84.5",1296.0359701944699,
702,"30.0, -84.5",733.419108565787,-2.7286345892623973e-06
703,"29.9, -84.3",3712.6223979791,
704,"30.1, -83.9",3546.1258113301797,6.202937298374213e-06
705,"30.2, -83.3",46564.1114305197,-2.471563081296088e-06
706,"29.6, -82.6",32153.1800143884,2.9242043083506356e-05
707,"29.6, -82.5",41822.5524492371,4.5841144260352894e-05
708,"28.5, -82.3",27761.180479849103,3.727669778552106e-05
709,"29.5, -82.0",12167.686883863898,2.694179653983438e-05
710,"26.8, -81.9",18787.637103033798,0.0004271849779585603
711,"29.4, -81.8",8517.98392192784,2.762945502002065e-05
712,"29.4, -81.7",1523.98565774953,1.5321628015086567e-05
713,"25.9, -81.6",115.85989590728501,0.00031600855136323
714,"27.8, -81.6",85013.7213583192,7.305522691407856e-05
715,"27.9, -81.6",93290.9204206085,0.0003108066441369242
716,"27.9, -81.5",87249.8572182242,8.486764980663793e-05
717,"29.3, -81.5",2495.93322378608,1.9950070322137315e-05
718,"26.7, -81.2",9733.80609927256,4.28962525482517e-06
719,"26.7, -81.0",16291.9404650554,1.2869944154173006e-05
720,"27.4, -80.8",16778.8718325267,7.894029192218827e-06
721,"25.3, -80.3",1093.7466304182801,6.272452624971835e-05
722,"27.0, -81.3",11174.25326704,1.1774970478541954e-06
723,"27.7, -82.3",5992.5994773026205,0.000586674325796766
724,"29.7, -82.1",43161.2745837597,1.1774389208762432e-05
725,"28.2, -81.6",86406.6960831804,0.0003482116444208156
726,"29.7, -81.5",2589.42895491173,2.5420651362500392e-05
727,"30.9, -85.4",67158.1887027627,4.190640015363677e-06
728,"30.2, -84.7",27532.889290935,2.971723547726034e-06
729,"30.3, -84.7",36233.4585753776,2.971723547726034e-06
730,"30.4, -84.7",45384.6860812806,2.5268234766136632e-06
731,"30.5, -84.5",13558.9279464298,1.197639050285737e-05
732,"30.6, -84.5",15439.6925295731,1.2746774674984408e-05
733,"30.4, -84.4",13304.1372513295,1.673666226587833e-05
734,"30.5, -84.4",5116.1526579382,0.00025598292770158556
735,"30.6, -84.2",8358.95633112214,0.0009719466582541643
736,"30.4, -84.1",17280.6077168157,8.328074552904425e-05
737,"30.5, -84.0",27792.693482333598,2.924448819161293e-05
738,"30.3, -82.7",84664.4526082132,1.1650174449159774e-05
739,"29.2, -82.3",17121.18102434,7.815832101719132e-05
740,"30.4, -82.2",44805.0976802322,2.736027685010761e-05
741,"29.6, -82.0",14826.6478604701,2.694179653983438e-05
742,"30.3, -82.0",24047.5855918404,2.5339415350251957e-05
743,"30.2, -81.9",13437.699580286799,0.0003963952407134948
744,"28.9, -81.8",91377.1028833596,1.6033381715368367e-05
745,"30.0, -81.8",13303.8649417823,7.227874052523064e-05
746,"30.5, -81.7",6493.276404655121,4.915504322545654e-05
747,"28.8, -81.6",71773.1580326369,0.0014760591881729658
748,"28.8, -81.4",6626.64360469083,0.0004807978927174567
749,"30.0, -81.4",3913.9463252917603,6.97689737570229e-05
750,"26.9, -81.3",10868.5230461736,3.696338037978549e-06
751,"26.7, -81.1",11672.2888897876,1.2869944154173006e-05
752,"26.8, -81.1",1472.3066640740801,1.2869944154173006e-05
753,"27.2, -81.0",3182.22813883166,1.9077878862093643e-05
754,"27.4, -81.0",16620.5699699327,4.0211320216741957e-07
755,"28.6, -81.0",18067.7740433977,4.218379643282434e-05
756,"28.7, -80.8",2957.5705634871997,0.00010000242200062101
757,"26.7, -80.6",31625.9337546223,3.2143266886408115e-05
758,"27.5, -80.5",14641.561620428402,0.00020942305992170484
759,"31.0, -87.2",43067.5463483827,3.6605119417586204e-05
760,"30.9, -86.7",40364.3749911715,1.275143309486146e-05
761,"30.9, -86.3",44622.3577504946,3.011504677691259e-05
762,"30.8, -85.9",40627.6996284015,1.0620993296109808e-05
763,"30.3, -85.1",36719.004857728396,1.4237974791162585e-05
764,"30.6, -85.0",63539.6361627712,8.335474257947457e-06
765,"30.0, -84.6",3744.95431769715,-2.7286345892623973e-06
766,"30.4, -84.5",19677.2072152601,1.5226229016116099e-05
767,"30.6, -83.4",69768.9539373217,-1.2944290889431654e-06
768,"30.3, -83.2",59907.3954628147,9.664901033847498e-06
769,"30.5, -83.2",72854.6060087726,3.1338443187626143e-06
770,"30.5, -83.1",80124.73802182049,3.1338443187626143e-06
771,"29.6, -82.1",23398.8053196819,2.3715789242978866e-05
772,"29.6, -81.9",8198.16479094754,2.0630029347783055e-05
773,"29.6, -81.8",5907.4170547047,2.0630029347783055e-05
774,"29.7, -81.8",11021.7294655827,-3.6887522135082095e-06
775,"29.5, -81.4",8032.2763628398,4.893456151415835e-06
776,"28.4, -81.3",51985.175641947804,0.0003496055492953101
777,"29.3, -82.9",13055.8789618947,4.731203199154497e-06
778,"29.1, -82.1",12937.1504450169,0.00012514485017194634
779,"28.9, -81.9",101111.29142472199,0.00032950361654989114
780,"27.8, -81.3",67837.9260491967,8.051583963341665e-05
781,"28.7, -80.9",10867.4660598725,8.545590339856626e-05
782,"30.2, -83.0",57572.069886761106,8.036495138515702e-05
783,"30.1, -82.8",62964.6914895383,5.7502090062780014e-05
784,"30.2, -82.8",70045.6234943321,8.563102538200616e-06
785,"29.9, -82.6",46813.574854672996,1.6895223404717438e-05
786,"30.0, -82.6",54945.527314175706,2.0003133687041585e-05
787,"28.4, -82.5",15551.5482087189,0.00011233380483461755
788,"28.6, -82.5",11925.629716970501,0.00014855939798941536
789,"28.9, -82.5",8466.541860615409,0.0022552369213943726
790,"29.1, -82.5",5710.445613920219,6.638540667626674e-05
791,"28.3, -82.3",32454.0483394161,0.00020565029235855272
792,"30.2, -82.2",33884.9704651284,1.4037005183483738e-05
793,"30.1, -82.1",21686.314073120702,1.1055016799796204e-05
794,"28.3, -81.9",111499.822455781,7.388739526718154e-08
795,"30.4, -81.9",24374.3834639091,2.7968732382466807e-05
796,"26.7, -80.4",34885.6463197067,8.59416773529286e-05
797,"26.4, -80.3",13603.7511410229,0.00031677401470861874
798,"30.7, -87.1",9611.49529441057,0.00016087471831249434
799,"30.3, -85.4",14516.6748328952,2.940166175001217e-06
800,"30.8, -85.3",60134.12553467599,0.0001132676399948146
801,"29.0, -82.1",10998.5400941588,0.00016702025026579936
802,"29.8, -81.4",11437.775583403201,0.0002954334895612653
803,"29.7, -83.3",4786.173990917589,6.408889313225476e-07
804,"28.3, -82.5",19323.8858150229,0.0004643093146647423
805,"29.5, -82.3",53750.334517238494,5.538064774908005e-06
806,"29.6, -83.4",1.83404930243629,
807,"29.1, -83.1",9457.02075015792,
808,"30.0, -83.1",33999.566457932204,6.769037905293529e-07
809,"29.8, -83.0",19537.3399378025,6.408889313225476e-07
810,"28.9, -82.7",3141.60602790968,2.8261880013282845e-05
811,"29.1, -82.7",5491.3252639189595,9.540902807442564e-06
812,"28.6, -82.6",3902.54884345582,5.2913331734439146e-05
813,"30.6, -81.9",22426.963542457597,8.292719348880086e-06
814,"30.7, -81.9",26704.000145556,1.4326373331774672e-05
815,"28.2, -81.8",105163.509205686,-1.7492290808780138e-05
816,"29.7, -81.6",93.552039390784,2.5420651362500392e-05
817,"29.8, -81.5",2868.161839182,1.6208115229868905e-05
818,"30.6, -81.4",4053.1118834423296,
819,"29.2, -81.2",17379.9089756999,2.961293573686314e-06
820,"29.9, -82.5",53896.3083788657,2.444326389757857e-05
821,"27.4, -82.3",22804.8889766618,0.0005691758559557222
822,"29.3, -82.3",34009.297238845604,1.808862275943258e-05
823,"29.6, -82.3",61163.296240635,0.00029105958267625906
824,"29.9, -82.3",69936.2018688071,1.4421716139647754e-05
825,"27.8, -82.2",8796.750922783442,5.152402767627297e-05
826,"28.1, -82.2",15484.2811592585,1.830785841505394e-05
827,"29.7, -82.2",71785.50027156589,1.1774389208762432e-05
828,"28.8, -82.1",120482.54337976199,-0.00015697238685848404
829,"30.2, -82.1",25307.401924783197,1.4037005183483738e-05
830,"28.8, -82.0",110740.417738849,0.00030151357761408823
831,"29.0, -82.0",1872.1997870856896,0.0004028422487041938
832,"27.0, -81.9",976.723198548049,1.6113277479878338e-05
833,"27.1, -81.9",5424.41369627002,9.319673332609567e-06
834,"28.7, -81.9",101777.636407741,1.589266404767109e-05
835,"27.2, -81.8",52423.2644726764,0.0006661973885813368
836,"27.3, -81.8",63487.0246482659,0.0006440870629397764
837,"28.3, -81.8",102078.34716355301,0.0001084643646336608
838,"26.4, -81.7",25700.304723163397,2.1422178969231635e-05
839,"26.5, -81.7",20342.0054434357,4.4291482815632926e-05
840,"28.3, -81.7",92649.14495724211,0.0006157123768299472
841,"28.4, -81.7",89844.40033991571,7.993122683122403e-05
842,"28.6, -81.7",84825.1794648972,8.860853777349592e-05
843,"29.7, -81.7",1627.69537691095,4.45972953186501e-05
844,"29.9, -81.7",10355.9190255628,6.9062886102542025e-06
845,"30.6, -81.7",3509.97028864357,5.266871088889583e-05
846,"26.0, -81.6",1441.64940890418,9.838421631000879e-05
847,"26.2, -81.6",9801.5986660043,4.653365923178242e-05
848,"26.3, -81.6",19967.0416900155,8.557055717375541e-05
849,"26.6, -81.6",12622.177790399399,0.00022124575243924268
850,"28.4, -81.6",80333.78399884769,0.0003798838311872092
851,"25.9, -81.5",623.191569581871,0.00031600855136323
852,"26.0, -81.5",4610.20904867868,9.838421631000879e-05
853,"26.3, -81.5",17387.130208721203,0.0001688883790635329
854,"26.4, -81.5",36092.4452078233,0.00021363467784061408
855,"26.8, -81.5",5716.8626257701,1.0850376601496922e-05
856,"27.4, -81.5",51122.9830205822,0.0002517986516941773
857,"29.9, -81.5",6031.54626417114,2.4152762445856278e-06
858,"30.1, -81.5",6822.8854653277795,0.0005985848945952366
859,"26.3, -81.4",21159.2996337178,3.3768665723216746e-05
860,"26.4, -81.4",37809.6769530585,0.0003170722226446214
861,"26.5, -81.4",27640.7423510679,1.3278447104743278e-05
862,"27.1, -81.4",25195.8703714298,4.187387248767582e-06
863,"27.4, -81.4",42881.3249953997,3.32252390075624e-05
864,"27.5, -81.4",48268.183549196794,4.033450100268895e-06
865,"28.2, -81.2",49430.875373077804,8.870534794337504e-05
866,"29.1, -81.2",16223.8566433962,0.00012863360286820524
867,"26.6, -81.1",21749.0307311469,3.6072955060677264e-06
868,"28.4, -80.9",14503.2592732241,0.00010811174811410709
869,"28.5, -80.9",11492.6692342081,0.00010811174811410709
870,"28.2, -80.8",12860.8189217,0.0009285016461036634
871,"27.4, -80.5",9965.19016753933,7.041801876108726e-06
872,"25.2, -80.3",3628.6694544147203,6.272452624971835e-05
873,"30.5, -85.6",20343.1489674982,8.792958760045922e-06
874,"30.0, -85.5",803.216978620424,3.368733058106914e-05
875,"30.2, -85.5",6549.6764976472205,2.3922569424663304e-05
876,"30.6, -85.4",36030.0361197785,9.87196636805693e-06
877,"30.6, -85.3",41492.801848415,9.87196636805693e-06
878,"30.7, -85.3",50455.9635557145,0.00010410303184524496
879,"29.9, -85.2",2879.17025743934,1.72205915463118e-05
880,"30.8, -85.1",70800.6387656194,4.645883399966241e-05
881,"30.9, -84.9",91964.1450253434,8.8699757253827e-06
882,"30.4, -84.6",27229.697618721402,1.5226229016116099e-05
883,"27.2, -81.3",21655.8592539717,4.57881759637908e-05
884,"30.5, -85.7",21195.542804678702,7.977713463488913e-06
885,"25.4, -80.2",1332.41195603661,0.0
886,"25.5, -80.2",12123.531501759098,0.0
887,"30.2, -82.4",52145.9802551072,1.343923423080346e-05
888,"30.3, -82.4",55980.3906113785,1.014185435035922e-06
889,"30.4, -82.4",61601.4332352649,1.014185435035922e-06
890,"30.5, -82.4",66466.4694658941,1.014185435035922e-06
891,"30.2, -82.3",42908.090886302,6.024216701529982e-07
892,"30.3, -82.3",47502.915138778,1.014185435035922e-06
893,"30.4, -82.3",54021.1175901229,1.014185435035922e-06
894,"30.5, -82.3",64233.868951232595,1.014185435035922e-06
895,"27.0, -80.8",13914.371576290901,
896,"27.1, -80.8",6987.7764575456995,
897,"27.0, -80.7",6948.05010448405,
898,"27.1, -80.7",3291.60086109347,
899,"30.2, -84.0",8497.015082020971,6.975429395838427e-06
900,"30.3, -84.0",15303.866269010201,6.975429395838427e-06
901,"30.4, -84.0",21975.9670195705,6.975429395838427e-06
902,"30.2, -83.9",10999.133991788502,6.202937298374213e-06
903,"30.3, -83.9",20698.2545658716,6.975429395838427e-06
904,"30.4, -83.9",29134.5182536615,6.975429395838427e-06
905,"30.1, -83.8",7202.11112774643,6.202937298374213e-06
906,"30.2, -83.8",17258.124685976498,6.202937298374213e-06
907,"30.3, -83.8",25682.2401393154,6.202937298374213e-06
908,"30.4, -83.8",34830.1021304919,3.3437709737975346e-05
909,"29.1, -82.2",20114.6407405604,0.0004430392264786983
910,"27.7, -81.4",63653.5224458955,3.628962885343901e-07
911,"28.0, -81.4",75005.6448228932,-3.2747087004916962e-06
912,"27.7, -81.3",58055.06941535031,3.628962885343901e-07
913,"27.9, -81.3",68703.8742858111,3.40894161264344e-06
914,"28.0, -81.3",65400.6092616563,-3.2747087004916962e-06
915,"28.1, -81.3",62666.8166801354,-2.5150312288798655e-06
916,"27.7, -81.2",53698.693759154405,0.0
917,"27.9, -81.2",59690.913187738,3.2772515997024536e-06
918,"28.0, -81.2",55866.656208747,3.2772515997024536e-06
919,"28.1, -81.2",53455.1004531934,4.576306886764208e-05
920,"27.7, -81.1",50904.2937263575,0.0
921,"27.8, -81.1",54936.8340488551,3.2772515997024536e-06
922,"27.9, -81.1",50835.4861606205,3.2772515997024536e-06
923,"28.0, -81.1",46447.586245739905,3.2772515997024536e-06
924,"28.2, -81.1",40296.5420658608,8.870534794337504e-05
925,"28.3, -81.1",36324.727737506604,0.00010442396503588906
926,"27.7, -81.0",47557.9623010668,4.0211320216741957e-07
927,"27.8, -81.0",45396.7085940684,3.2772515997024536e-06
928,"28.0, -81.0",37230.7037520207,3.2772515997024536e-06
929,"28.1, -81.0",34531.989975522,3.2772515997024536e-06
930,"28.2, -81.0",31332.1041873358,3.2772515997024536e-06
931,"28.3, -81.0",27150.385927276202,0.00011059861044259334
932,"27.8, -80.9",35600.7204737132,5.024775505948167e-06
933,"27.9, -80.9",32432.1218228885,1.1168253519917904e-05
934,"28.0, -80.9",28413.463086711603,1.1168253519917904e-05
935,"28.1, -80.9",24782.8365243315,1.1168253519917904e-05
936,"28.2, -80.9",22073.751452842997,0.0002360943672625136
937,"28.3, -80.9",18035.5557033482,0.0002360943672625136
938,"28.4, -81.1",33136.774124101,0.00011059861044259334
939,"28.4, -81.0",23974.625297580602,0.00011059861044259334
940,"27.7, -82.1",113117.730177669,1.6923881856827837e-05
941,"27.8, -82.1",123734.771471061,1.6923881856827837e-05
942,"30.1, -82.5",69641.4127880693,6.456928540673969e-05
943,"30.4, -82.7",92744.35846722679,1.394271708904482e-06
944,"30.5, -82.7",101396.21987943699,1.394271708904482e-06
945,"30.4, -82.6",78116.3428351285,4.296690810323045e-06
946,"30.5, -82.6",83709.1037236006,4.296690810323045e-06
947,"30.2, -82.5",61501.9318863028,6.456928540673969e-05
948,"30.3, -82.5",64777.2597544753,4.296690810323045e-06
949,"30.4, -82.5",69685.2263158866,4.296690810323045e-06
950,"30.5, -82.5",75552.7068172499,4.296690810323045e-06
951,"30.1, -82.0",12143.0823388989,5.951207659566134e-05
952,"27.5, -82.0",88995.4308221215,1.790585121415379e-05
953,"27.4, -81.9",75857.3271357714,1.7359131841298063e-05
954,"27.6, -82.0",99709.70265795449,-6.365903429173408e-06
955,"27.6, -81.9",95678.71387260381,-6.365903429173408e-06
956,"24.6, -82.2",5369.948268663889,2.105674596857614e-05
957,"24.6, -82.1",1228.82075223277,2.105674596857614e-05
958,"24.5, -82.0",3136.8764465499,2.105674596857614e-05
959,"24.6, -82.0",5239.116320397371,2.105674596857614e-05
960,"24.5, -81.9",3699.4892365657597,2.105674596857614e-05
961,"24.6, -81.9",2007.5751763769601,2.105674596857614e-05
962,"24.5, -81.7",6336.759982678421,0.00019312966271248672
963,"24.7, -81.7",1984.6388421934,0.00018039890628050996
964,"25.8, -81.7",5358.54181591256,0.00031600855136323
965,"24.5, -81.6",3187.83619135296,0.00019312966271248672
966,"24.7, -81.6",113.07559978601101,5.155032218170379e-05
967,"24.8, -81.6",5650.26893550679,0.0003908374259740481
968,"25.8, -81.6",7228.78212560221,0.00031600855136323
969,"24.8, -81.5",828.863639158036,0.0003908374259740481
970,"25.8, -81.5",2627.60961505248,0.00031600855136323
971,"24.8, -81.4",919.823142724171,0.000237686071334628
972,"25.7, -81.4",14300.829904343,0.00031600855136323
973,"24.8, -81.3",2055.32158260449,
974,"25.6, -81.3",14317.1192243448,2.960119458203545e-08
975,"25.7, -81.3",7472.37396881785,6.255227133756235e-06
976,"25.8, -81.3",627.532039697313,6.255227133756235e-06
977,"24.8, -81.2",3500.2146883022497,
978,"25.2, -81.2",3749.8683596776796,2.960119458203545e-08
979,"25.3, -81.2",3968.3733259096603,2.960119458203545e-08
980,"25.4, -81.2",4889.887604112329,2.960119458203545e-08
981,"25.5, -81.2",424.73890825591104,2.960119458203545e-08
982,"25.6, -81.2",6213.117203602839,2.960119458203545e-08
983,"25.7, -81.2",1215.4105295853199,6.255227133756235e-06
984,"25.8, -81.2",4966.78536348344,6.255227133756235e-06
985,"24.8, -81.1",8508.15303162771,0.0005603283854183543
986,"25.1, -81.1",2187.03944640246,
987,"25.2, -81.1",994.8940635750231,2.960119458203545e-08
988,"25.3, -81.1",747.800792296976,2.960119458203545e-08
989,"25.4, -81.1",963.5464410433231,2.960119458203545e-08
990,"25.5, -81.1",864.326185611186,2.960119458203545e-08
991,"25.6, -81.1",6.02492677852329,2.960119458203545e-08
992,"25.7, -81.1",6268.98565675791,6.255227133756235e-06
993,"25.8, -81.1",12210.5882068213,6.255227133756235e-06
994,"25.0, -81.0",3944.18629850557,0.0002443248780380916
995,"25.1, -81.0",2677.4384954877696,2.960119458203545e-08
996,"25.2, -81.0",1293.79050363311,2.960119458203545e-08
997,"25.3, -81.0",7153.551245322421,2.960119458203545e-08
998,"25.4, -81.0",546.906493074408,2.960119458203545e-08
999,"25.5, -81.0",1193.02857553784,2.960119458203545e-08
1000,"25.6, -81.0",4927.7718567463,2.960119458203545e-08
1001,"25.7, -81.0",12849.138550832,2.3191972824711314e-06
1002,"25.8, -81.0",20636.4809869696,6.255227133756235e-06
1003,"24.9, -80.9",6975.97735748981,0.0002443248780380916
1004,"25.0, -80.9",3656.16083431976,0.0002443248780380916
1005,"25.1, -80.9",846.1276001583431,2.960119458203545e-08
1006,"25.2, -80.9",612.379470777558,2.960119458203545e-08
1007,"25.3, -80.9",1340.38720002999,2.960119458203545e-08
1008,"25.4, -80.9",3707.1686163223208,2.960119458203545e-08
1009,"25.5, -80.9",4099.13760799452,2.960119458203545e-08
1010,"25.6, -80.9",12921.590750503201,2.3191972824711314e-06
1011,"25.7, -80.9",19839.3616663526,2.3191972824711314e-06
1012,"25.8, -80.9",27426.6593452585,2.3191972824711314e-06
1013,"24.9, -80.8",2786.7773242264198,0.0002443248780380916
1014,"25.0, -80.8",2747.00505686435,0.0003508160093985401
1015,"25.1, -80.8",1028.42571860526,2.733464183226053e-06
1016,"25.2, -80.8",1895.0200743890302,2.733464183226053e-06
1017,"25.3, -80.8",5412.65083718776,2.733464183226053e-06
1018,"25.4, -80.8",9838.5450215527,2.960119458203545e-08
1019,"25.5, -80.8",8893.48130311697,2.960119458203545e-08
1020,"25.6, -80.8",17484.8616604475,2.3191972824711314e-06
1021,"25.7, -80.8",27381.079939607902,2.3191972824711314e-06
1022,"25.8, -80.8",34782.277428556095,2.3191972824711314e-06
1023,"25.0, -80.7",1923.84901546314,0.0003508160093985401
1024,"25.1, -80.7",13.679990487950098,2.733464183226053e-06
1025,"25.2, -80.7",3487.96192930278,2.733464183226053e-06
1026,"25.3, -80.7",12899.4823079825,2.733464183226053e-06
1027,"25.4, -80.7",14127.7598789723,2.733464183226053e-06
1028,"25.5, -80.7",13805.405914648798,0.00020402955199520323
1029,"25.6, -80.7",17821.0646361517,2.3191972824711314e-06
1030,"25.7, -80.7",26144.2218733655,2.3191972824711314e-06
1031,"25.8, -80.7",35823.6395159405,2.3191972824711314e-06
1032,"25.1, -80.6",868.224611972799,0.0008310332008106323
1033,"25.2, -80.6",431.54207941819396,2.733464183226053e-06
1034,"25.3, -80.6",7016.99033671449,2.733464183226053e-06
1035,"25.4, -80.6",4125.842732793611,0.0006648085029906133
1036,"25.6, -80.6",11668.033224094499,0.00012115444444990711
1037,"25.7, -80.6",22408.3373702575,0.0
1038,"25.8, -80.6",26197.4814661343,0.0005857853101946971
1039,"25.2, -80.5",66.7982102396643,0.0007662244750401472
1040,"25.3, -80.5",766.2132710028551,3.7610698545287506e-05
1041,"25.8, -80.5",16969.787881688702,0.0005857853101946971
1042,"25.3, -80.4",780.999475589749,6.272452624971835e-05
1043,"25.4, -80.4",3329.18517103529,3.7610698545287506e-05
1044,"25.4, -80.3",1362.0304260472599,3.7610698545287506e-05
1045,"25.5, -80.3",3309.75805707052,0.0
1046,"25.3, -80.2",13660.9059672672,6.272452624971835e-05
1047,"25.6, -80.2",8637.06649696463,
1048,"30.2, -83.1",52888.7029325363,-8.942901971977041e-07
1049,"30.9, -86.5",41819.0713005068,1.5096183829459726e-05
1050,"30.7, -86.4",21410.0046339916,2.9565344648504006e-05
1051,"27.4, -82.2",32006.648724786402,2.893823258271211e-06
1052,"27.3, -82.1",13877.105639784199,2.893823258271211e-06
1053,"28.6, -80.7",9807.26461164271,1.6080032538418773e-05
1054,"28.7, -80.7",6689.22862180776,0.0
1055,"28.5, -80.6",15513.318383744,0.0
1056,"28.6, -80.6",18274.7542122558,1.6080032538418773e-05
1057,"28.7, -80.6",15188.462084296201,0.0
1058,"28.5, -80.5",25132.0362718614,0.0
1059,"27.6, -82.8",3453.58223028846,
1060,"27.6, -82.7",2712.26207886367,0.0
1061,"26.9, -80.9",15164.4774328148,
1062,"28.7, -81.6",72823.3656359088,6.28711959419262e-05
1063,"30.0, -83.7",5385.5057787552005,0.00012792940070175115
1064,"30.1, -83.7",7466.564657918109,6.202937298374213e-06
1065,"29.7, -83.6",5876.43817777237,3.5147587200375184e-06
1066,"29.9, -83.6",3924.96577014989,3.5147587200375184e-06
1067,"30.0, -83.6",10922.9211852729,0.00012792940070175115
1068,"29.7, -83.5",949.397793832299,3.5147587200375184e-06
1069,"29.8, -83.5",6741.990572732309,3.5147587200375184e-06
1070,"29.9, -83.5",11218.906066636999,3.5147587200375184e-06
1071,"30.0, -83.5",18112.2914267096,3.5147587200375184e-06
1072,"30.1, -83.5",24866.9659354987,0.00012792940070175115
1073,"29.8, -83.4",7509.15545167663,3.5147587200375184e-06
1074,"29.9, -83.4",16313.385638968799,3.5147587200375184e-06
1075,"30.0, -83.4",25915.759813342996,3.5147587200375184e-06
1076,"30.1, -83.4",32614.9797908685,-2.471563081296088e-06
1077,"30.3, -83.6",31352.8195172939,1.2584872554138296e-05
1078,"30.2, -83.5",29413.6510652416,1.2584872554138296e-05
1079,"30.3, -83.5",36837.540220660296,1.2584872554138296e-05
1080,"30.2, -83.4",37739.6390849273,1.2584872554138296e-05
1081,"30.3, -83.4",43773.0021113162,9.375630951407809e-06
1082,"28.5, -81.0",20762.476092555,4.218379643282434e-05
1083,"27.9, -82.9",5568.62645252023,0.0010380211111261878
1084,"29.3, -82.1",11351.8245987607,5.373539416248631e-05
1085,"29.2, -82.0",456.412967547605,7.84754888841539e-05
1086,"29.3, -82.0",6004.192804039829,1.002702953446221e-05
1087,"29.2, -82.4",19419.9219828147,5.5977473882046996e-05
1088,"29.2, -82.5",16601.6667674991,6.638540667626674e-05
1089,"30.3, -84.1",7299.29451918945,1.7627256120345075e-05
1090,"30.6, -84.1",17748.1995753015,2.8364230681976117e-05
1091,"30.6, -84.0",27271.4264368802,2.8364230681976117e-05
1092,"29.5, -81.5",192.5902845442,4.039218343469217e-05
1093,"29.6, -81.5",8103.5941369456,3.0543196907873886e-05
1094,"29.6, -81.4",13805.3790185817,1.775962685668981e-05
1095,"29.3, -81.3",14283.5275100407,0.00011509470556480507
1096,"29.4, -81.3",10051.6790821636,1.8851388693544076e-05
1097,"30.3, -85.8",5102.1690831961405,4.476333266974445e-05
1098,"30.4, -85.8",12099.0413000361,6.852580430099607e-06
1099,"30.4, -85.7",11008.246242294299,6.852580430099607e-06
1100,"30.4, -85.6",9262.546165733951,8.792958760045922e-06
1101,"26.9, -81.9",7888.97426690167,4.51688373768929e-05
1102,"26.9, -81.8",19509.5889300858,3.597670090871626e-06
1103,"27.0, -81.8",30384.7536781026,9.319673332609567e-06
1104,"26.8, -81.7",7994.19321547581,1.613345322647872e-05
1105,"26.9, -81.7",19061.433290766003,3.597670090871626e-06
1106,"27.0, -81.7",30153.4717846489,2.666163394992561e-06
1107,"26.8, -81.6",9144.594270014859,3.87771255729739e-05
1108,"26.9, -81.6",19220.8897103971,3.597670090871626e-06
1109,"27.0, -81.6",29637.1264159891,2.666163394992561e-06
1110,"26.0, -80.8",49524.2748222465,6.255227133756235e-06
1111,"26.1, -80.8",45370.8306331758,-4.394051400502426e-08
1112,"26.2, -80.8",50314.9768489357,-4.394051400502426e-08
1113,"26.3, -80.8",64168.6688204137,-4.394051400502426e-08
1114,"26.0, -80.7",32882.0817553856,-4.394051400502426e-08
1115,"26.1, -80.7",36175.268733661,-4.394051400502426e-08
1116,"26.2, -80.7",41869.9336534924,-4.394051400502426e-08
1117,"26.3, -80.7",69575.5999519008,-4.394051400502426e-08
1118,"26.0, -80.6",23034.4024286581,2.3498402713587285e-05
1119,"26.1, -80.6",27540.8466479988,-4.394051400502426e-08
1120,"26.2, -80.6",33804.5449782523,-4.394051400502426e-08
1121,"26.3, -80.6",75906.1281666537,-4.394051400502426e-08
1122,"26.0, -80.5",13409.9512430099,2.3498402713587285e-05
1123,"26.1, -80.5",19087.7990834245,0.00019330142885122965
1124,"26.2, -80.5",27052.8341814915,0.00019330142885122965
1125,"26.3, -80.5",76913.56738568349,-4.394051400502426e-08
1126,"26.2, -80.4",17375.9533170643,0.0012666057958854626
1127,"26.3, -80.4",16863.2697186383,0.001291137878874757
1128,"29.9, -83.3",15038.333019138101,6.769037905293529e-07
1129,"30.0, -83.3",26030.9668569684,6.769037905293529e-07
1130,"30.1, -83.3",37087.6185071322,-2.471563081296088e-06
1131,"29.9, -83.2",19298.4075443008,6.769037905293529e-07
1132,"29.9, -83.1",26551.039076953,6.769037905293529e-07
1133,"29.9, -83.0",30579.6128144384,4.680279077691099e-06
1134,"30.1, -83.0",48695.136799540305,1.7739480077433032e-05
1135,"30.1, -82.9",55452.075582100995,4.680279077691099e-06
1136,"29.5, -82.2",32190.2091700985,1.1089151456795785e-05
1137,"29.6, -82.2",67788.0471381503,2.3715789242978866e-05
1138,"29.5, -82.1",23888.438841396,2.3715789242978866e-05
1139,"29.7, -82.6",34252.3301669231,4.1171508148505624e-05
1140,"27.5, -81.2",34050.8234878719,2.2345703678915532e-05
1141,"27.6, -81.2",43568.0726028409,0.0
1142,"27.4, -81.1",19346.1962819034,2.059127693971099e-05
1143,"27.5, -81.1",29438.4289215592,4.0211320216741957e-07
1144,"27.6, -81.1",40070.0250846528,4.0211320216741957e-07
1145,"27.5, -81.0",27725.0532872742,4.0211320216741957e-07
1146,"27.6, -81.0",38829.8060991545,4.0211320216741957e-07
1147,"27.5, -80.9",28742.995325785298,4.0211320216741957e-07
1148,"27.6, -80.9",39563.323116613,4.0211320216741957e-07
1149,"27.5, -80.7",30271.763241192002,7.894029192218827e-06
1150,"29.8, -82.5",47676.9900449851,4.476284300841551e-05
1151,"29.5, -82.5",41860.1159066875,4.4247876078878406e-05
1152,"29.5, -82.4",48097.3902676551,5.538064774908005e-06
1153,"27.8, -80.8",25832.023340633903,5.024775505948167e-06
1154,"27.6, -80.7",26750.219712065697,5.024775505948167e-06
1155,"27.7, -80.7",20451.474556473502,5.024775505948167e-06
1156,"27.8, -80.7",16139.6063496145,5.024775505948167e-06
1157,"27.6, -80.6",20411.3362171121,0.00020942305992170484
1158,"27.7, -80.6",11967.7008637168,7.969099204368184e-05
1159,"26.4, -80.8",54748.7865347365,-4.394051400502426e-08
1160,"26.5, -80.8",46082.464173410895,7.684325014477296e-06
1161,"26.6, -80.8",38585.636017115496,7.684325014477296e-06
1162,"26.7, -80.8",318.748715999621,7.684325014477296e-06
1163,"26.8, -80.8",27010.295890635298,
1164,"26.9, -80.8",19950.1462478118,
1165,"26.4, -80.7",60991.1691468271,-4.394051400502426e-08
1166,"26.5, -80.7",53324.0088607587,4.27778191305752e-06
1167,"26.6, -80.7",43347.9697596122,3.6733568139642213e-05
1168,"26.9, -80.7",12127.709669077,
1169,"26.4, -80.6",64889.15712736401,-4.394051400502426e-08
1170,"26.5, -80.6",53796.681502980704,4.27778191305752e-06
1171,"26.6, -80.6",42707.5499694132,4.27778191305752e-06
1172,"26.8, -80.6",3415.96114029909,3.363172821503419e-05
1173,"26.9, -80.6",9595.12386865792,3.363172821503419e-05
1174,"26.4, -80.5",65974.78690576111,-4.394051400502426e-08
1175,"26.5, -80.5",55097.3578527957,4.27778191305752e-06
1176,"26.6, -80.5",44241.9904640514,4.27778191305752e-06
1177,"26.7, -80.5",33532.7577377001,4.27778191305752e-06
1178,"26.8, -80.5",2950.89528139846,3.363172821503419e-05
1179,"26.9, -80.5",12243.5587056064,3.363172821503419e-05
1180,"26.4, -80.4",67862.7920632847,0.0
1181,"26.5, -80.4",56828.9198984989,0.0
1182,"26.6, -80.4",45826.435927578,0.00011280741107320188
1183,"26.9, -80.4",13633.726242522,6.0968690172028296e-05
1184,"26.5, -80.3",58836.311740244295,0.0
1185,"28.7, -82.0",111462.406091009,-2.2494904410541e-06
1186,"30.7, -85.4",46072.9082875925,2.378478544948071e-06
1187,"30.6, -85.2",48214.7683188946,9.87196636805693e-06
1188,"30.7, -85.1",62792.9620918521,8.260247023549955e-06
1189,"30.8, -85.0",77373.4659865984,8.8699757253827e-06
1190,"30.7, -81.8",19384.2067915909,1.4326373331774672e-05
1191,"30.7, -81.7",9927.181964141491,5.266871088889583e-05
1192,"30.7, -81.6",1601.60614757703,5.266871088889583e-05
1193,"30.6, -82.0",43255.9879563303,8.292719348880086e-06
1194,"30.8, -81.9",29814.4139485902,1.4326373331774672e-05
1195,"24.6, -82.9",4036.17769848438,0.00039667326242889
1196,"24.7, -82.9",7128.772076745649,0.00039667326242889
1197,"24.7, -82.8",5456.83534860182,0.00039667326242889
1198,"27.3, -81.7",61768.399027776395,6.195944810270415e-07
1199,"27.3, -81.6",52803.7427913798,6.195944810270415e-07
1200,"28.4, -82.1",127807.922207289,2.703090246679009e-05
1201,"30.1, -81.3",6367.11785349138,7.131020819128396e-05
1202,"30.5, -83.9",36646.2050711342,3.3437709737975346e-05
1203,"30.6, -83.9",36825.2432510094,3.3437709737975346e-05
1204,"30.5, -83.8",44866.28484623731,3.3437709737975346e-05
1205,"30.6, -83.8",46390.750233681,4.191405410684558e-07
1206,"30.5, -83.7",49277.7882442487,4.614266878068759e-06
1207,"30.6, -83.7",58940.6023276926,4.191405410684558e-07
1208,"29.1, -81.4",2254.5629780777804,3.922241089763795e-05
1209,"28.9, -81.0",13503.3991525148,1.0226963427064176e-05
1210,"28.8, -80.8",527.753362362596,0.00015563087068425782
1211,"28.8, -80.7",7790.02089293752,0.0
1212,"30.9, -86.2",43427.422193043596,3.0043674683480866e-06
1213,"30.8, -86.1",33520.913087543304,5.2181152263794564e-05
1214,"30.9, -86.1",44316.6488664657,3.0043674683480866e-06
1215,"27.6, -81.4",55384.7185343796,1.2824576044578956e-05
1216,"27.6, -81.3",48841.2097457129,0.0
1217,"27.3, -81.5",44234.4027935658,1.2851544179878515e-05
1218,"27.1, -81.5",33744.1550744934,4.187387248767582e-06
1219,"27.2, -81.5",39324.5487789673,1.2851544179878515e-05
1220,"27.2, -81.4",30163.4725951242,4.187387248767582e-06
1221,"27.1, -81.2",7679.19477424703,1.1774970478541954e-06
1222,"27.2, -81.2",14961.4140267018,4.57881759637908e-05
1223,"30.0, -84.2",9923.16794645984,
1224,"30.8, -87.4",25762.514043848998,2.6701384953673765e-06
1225,"30.9, -87.4",35451.96891987,2.6701384953673765e-06
1226,"30.7, -87.3",11303.285823903201,0.00010951319936458674
1227,"30.8, -87.3",21786.0232474885,2.6701384953673765e-06
1228,"28.9, -81.7",81642.9002886025,0.0008280938477666684
1229,"29.0, -81.6",8233.71997270344,5.60932062934487e-05
1230,"28.7, -81.7",82452.2492571288,8.41932704234808e-05
1231,"30.0, -83.9",2258.39696946628,
1232,"30.0, -83.8",551.795150820345,
1233,"30.2, -83.7",17370.0438528138,6.202937298374213e-06
1234,"30.3, -83.7",28179.0831347377,6.202937298374213e-06
1235,"30.6, -86.3",12333.8219754839,9.75523928411934e-06
1236,"30.6, -86.2",10160.7447589486,9.75523928411934e-06
1237,"30.7, -86.2",21243.837980084198,5.659259637196718e-05
1238,"30.6, -86.1",12426.5233432473,1.3963203918730761e-05
1239,"30.6, -86.0",16461.5312931777,1.3963203918730761e-05
1240,"30.6, -85.9",20714.2175177872,1.3963203918730761e-05
1241,"30.5, -86.0",6163.52218093698,1.7263785819659046e-05
1242,"28.7, -82.2",130858.55420713301,2.3340842807618068e-05
1243,"28.2, -82.1",133359.662918438,2.8085061756438985e-05
1244,"29.4, -82.7",22685.4849265566,8.866263118742122e-06
1245,"29.5, -82.7",24725.441183031402,8.866263118742122e-06
1246,"29.4, -82.6",27150.720021626003,8.866263118742122e-06
1247,"29.5, -82.6",33771.2632430621,8.866263118742122e-06
1248,"29.3, -83.0",6472.435330530171,4.731203199154497e-06
1249,"29.4, -82.9",10981.4601856504,4.731203199154497e-06
1250,"29.7, -81.9",17546.412885146103,6.277933306766757e-05
1251,"29.5, -81.9",2718.16444465113,2.0630029347783055e-05
1252,"29.5, -81.8",35.5812083110884,0.0
1253,"27.5, -82.3",27449.9725823662,0.0002541955016327205
1254,"27.6, -82.3",5395.64491601724,5.5955795525902005e-05
1255,"27.5, -82.2",36931.1756539549,2.411243741845627e-06
1256,"27.6, -82.2",13561.1574057743,2.411243741845627e-06
1257,"27.5, -82.1",45415.845670629904,2.411243741845627e-06
1258,"27.6, -82.1",102604.273289923,2.411243741845627e-06
1259,"29.8, -82.3",65277.9425449313,6.816083469263146e-06
1260,"29.8, -82.2",40788.164755941296,1.1774389208762432e-05
1261,"29.8, -81.9",26373.4874870064,8.45528631937573e-05
1262,"29.9, -81.9",15349.329842461799,4.7457677916847805e-06
1263,"29.8, -81.8",16270.808059371799,-3.6887522135082095e-06
1264,"29.9, -81.8",19297.9261853318,4.7457677916847805e-06
1265,"29.8, -82.0",28860.9792634992,8.45528631937573e-05
1266,"25.6, -80.1",17658.1104875661,
1267,"25.7, -80.1",11644.440686291598,0.008618054021001777
1268,"30.0, -84.7",10732.9309568683,-2.7286345892623973e-06
1269,"30.1, -84.7",18380.938188204298,2.971723547726034e-06
1270,"30.1, -84.6",12919.4577197832,7.61894748042318e-06
1271,"30.2, -84.6",21562.1248838706,7.61894748042318e-06
1272,"30.3, -84.6",31077.8113474671,1.5226229016116099e-05
1273,"30.2, -84.5",17401.5227899411,7.61894748042318e-06
1274,"30.3, -84.5",28053.201197257902,1.5226229016116099e-05
1275,"30.1, -84.2",504.942306791764,9.571335051398401e-06
1276,"30.1, -84.1",232.932873588578,
1277,"30.2, -84.1",5968.53544263374,9.571335051398401e-06
1278,"29.9, -85.0",8076.721405322521,7.444091894893909e-06
1279,"30.0, -85.0",19165.117126356203,7.444091894893909e-06
1280,"29.9, -84.9",6682.48595312179,7.444091894893909e-06
1281,"30.0, -84.9",17558.4728639822,7.444091894893909e-06
1282,"29.9, -84.8",8806.37284754985,7.444091894893909e-06
1283,"30.0, -84.8",16181.4860610346,7.444091894893909e-06
1284,"29.7, -84.7",4343.53820092497,7.444091894893909e-06
1285,"27.7, -81.8",93395.203273782,-1.582437084528744e-06
1286,"27.7, -81.7",85224.03460001,1.6400149959006637e-05
1287,"27.7, -82.2",14362.500307743601,1.2959926896172609e-05
1288,"26.8, -82.1",4763.02448973057,0.0005951889381863176
1289,"26.8, -82.2",15.9869085354253,4.953843683831843e-05
1290,"30.1, -85.3",11489.3933506666,7.631076618792833e-06
1291,"30.2, -85.3",15061.336720339099,7.631076618792833e-06
1292,"30.0, -85.1",17373.1427152039,7.631076618792833e-06
1293,"30.2, -85.1",33350.2218412817,3.7699615618652527e-06
1294,"29.8, -85.2",2012.41104639059,1.72205915463118e-05
1295,"29.7, -85.1",2013.6754849793801,3.702146253166357e-05
1296,"29.8, -85.1",321.566907488444,3.702146253166357e-05
1297,"26.9, -81.1",1972.5968531333301,
1298,"27.0, -81.1",2493.81407120798,1.1774970478541954e-06
1299,"26.9, -81.0",10784.4946961577,
1300,"27.0, -81.0",2224.60347342957,
1301,"27.0, -80.9",5071.03401115125,
1302,"25.9, -80.8",42256.8268775784,2.3191972824711314e-06
1303,"25.9, -80.7",33163.882560906,2.3191972824711314e-06
1304,"25.9, -80.6",23424.3900422502,1.1475693250661552e-05
1305,"25.9, -80.5",14058.1640562061,1.1475693250661552e-05
1306,"30.6, -83.5",65652.1633230039,-1.2944290889431654e-06
1307,"30.4, -83.7",39150.092184988796,4.614266878068759e-06
1308,"30.4, -83.6",41490.8580604456,4.614266878068759e-06
1309,"30.5, -83.6",52021.7267717559,4.614266878068759e-06
1310,"30.6, -83.6",62747.52907420981,4.614266878068759e-06
1311,"30.4, -83.5",45772.765326892695,4.7561231910119954e-05
1312,"30.5, -83.5",55493.8238704521,4.614266878068759e-06
1313,"30.4, -83.4",51514.0146135819,4.7561231910119954e-05
1314,"30.3, -83.3",51576.4415046654,9.375630951407809e-06
1315,"30.5, -83.3",66184.07433557059,3.380531719604754e-05
1316,"30.9, -87.6",46724.970345272195,2.7037460668469996e-06
1317,"30.8, -87.5",32182.3036325614,2.7037460668469996e-06
1318,"30.9, -87.5",40354.8509209893,2.7037460668469996e-06
1319,"29.0, -82.8",3754.8465873615205,2.8261880013282845e-05
1320,"29.1, -82.8",3.98115761896752,1.9831719930024537e-06
1321,"29.1, -82.6",7087.290232650941,9.540902807442564e-06
1322,"29.3, -82.6",18668.3391586832,1.2613433636667077e-05
1323,"29.3, -82.5",26525.9179954846,1.2613433636667077e-05
1324,"29.4, -82.5",33376.6323239541,2.1062960612461828e-05
1325,"29.4, -82.8",19385.7674456547,1.220159504502061e-05
1326,"29.5, -82.8",15604.9981027096,1.220159504502061e-05
1327,"29.2, -83.1",2784.59999825217,
1328,"29.4, -83.1",4138.19062723795,4.731203199154497e-06
1329,"29.1, -82.9",6935.99293982745,
1330,"29.2, -82.9",2704.1863128669,1.9831719930024537e-06
1331,"29.2, -82.8",2014.7232228292999,1.9831719930024537e-06
1332,"29.2, -82.7",4175.03848181093,9.540902807442564e-06
1333,"29.2, -82.6",13578.989501235501,9.540902807442564e-06
1334,"27.3, -81.2",20540.8031712013,2.059127693971099e-05
1335,"27.3, -81.1",11338.0883068604,2.059127693971099e-05
1336,"27.5, -81.3",40585.5988708471,0.0
1337,"30.9, -86.6",42923.6274748099,0.0002126140202669582
1338,"30.6, -86.7",17080.2678149666,-6.031885236291905e-07
1339,"30.6, -86.6",12851.1485329484,-6.031885236291905e-07
1340,"30.6, -86.5",8533.792544922371,0.000448729993994684
1341,"30.6, -86.4",10395.551029472801,0.0003209113586790404
1342,"27.1, -82.1",9473.66139793259,0.00017883796408523035
1343,"27.2, -82.3",9725.90000481222,1.8158145675335365e-05
1344,"27.2, -82.2",16639.630625696,1.8158145675335365e-05
1345,"27.2, -82.1",10399.8190506875,1.4822966366988607e-05
1346,"30.9, -87.2",32580.2688587634,7.975263019126384e-06
1347,"30.9, -87.1",29239.854455400004,7.975263019126384e-06
1348,"30.5, -86.8",8759.48390875495,1.798954619327073e-05
1349,"30.9, -87.0",27824.2547812175,4.012141467117477e-06
1350,"30.7, -86.9",11504.4239286102,1.2539794640569415e-05
1351,"30.9, -86.9",29734.8154521738,4.012141467117477e-06
1352,"30.8, -86.8",25816.6812900287,1.275143309486146e-05
1353,"30.9, -86.8",34142.0348975113,1.275143309486146e-05
1354,"29.7, -81.4",8107.72460990376,1.775962685668981e-05
1355,"29.7, -81.3",17621.8658300458,1.2164659106352612e-05
1356,"29.4, -82.0",10007.9319398443,1.604482726165147e-05
1357,"29.4, -81.9",12565.851928846101,2.762945502002065e-05
1358,"29.3, -81.9",998.0835444594591,1.002702953446221e-05
1359,"29.3, -81.8",8575.187507157221,6.133420736372496e-07
1360,"29.3, -81.7",2464.22573884141,6.133420736372496e-07
1361,"29.0, -81.8",23347.4758499756,1.5350565505381865e-05
1362,"29.1, -81.8",20917.0524532228,5.1854917235576956e-05
1363,"29.0, -81.7",14912.864039691101,1.5350565505381865e-05
1364,"29.1, -81.7",11885.2882955321,0.0
1365,"29.1, -82.0",6150.23568143572,0.00012865795592646265
1366,"29.0, -82.2",20663.764412683002,0.0001792988713229204
1367,"29.3, -82.2",18473.3107323801,0.00013979259360533114
1368,"26.4, -81.6",33955.5337725436,2.1422178969231635e-05
1369,"26.2, -81.4",13728.668475242099,3.3768665723216746e-05
1370,"26.2, -81.3",23091.2467079273,3.3768665723216746e-05
1371,"26.3, -81.3",51944.84523677269,3.3768665723216746e-05
1372,"26.4, -81.3",42098.4976254391,1.3278447104743278e-05
1373,"26.2, -81.2",32819.6461330592,3.3768665723216746e-05
1374,"26.3, -81.2",53904.9144455403,3.3768665723216746e-05
1375,"26.4, -81.2",42823.849924199996,1.3278447104743278e-05
1376,"26.2, -81.1",40101.4519174992,6.255227133756235e-06
1377,"26.3, -81.1",54310.2606687206,3.6072955060677264e-06
1378,"26.4, -81.1",43332.5181286461,3.6072955060677264e-06
1379,"26.2, -81.0",46441.9265820741,6.255227133756235e-06
1380,"26.3, -81.0",56491.900361234,3.6072955060677264e-06
1381,"26.4, -81.0",46034.9785467879,3.6072955060677264e-06
1382,"26.2, -80.9",70354.4790540833,6.255227133756235e-06
1383,"26.3, -80.9",59935.8208199038,3.6072955060677264e-06
1384,"26.4, -80.9",49725.129652578304,3.6072955060677264e-06
1385,"27.4, -80.6",19831.485002977,7.041801876108726e-06
1386,"27.5, -80.6",22553.122143892997,7.041801876108726e-06
1387,"27.3, -80.5",14576.667233248701,0.00029889292763056837
1388,"27.8, -81.8",99746.47792455151,1.0900369709727954e-05
1389,"26.0, -81.8",3684.2381313388796,0.0001364037453138466
1390,"26.1, -81.6",7670.34207631273,4.653365923178242e-05
1391,"26.1, -81.5",2281.89105490499,4.653365923178242e-05
1392,"26.5, -81.5",24501.7422340386,3.0988021557997116e-05
1393,"30.4, -85.5",12161.962359756899,2.940166175001217e-06
1394,"30.5, -85.5",21913.562919473898,8.792958760045922e-06
1395,"30.4, -85.4",19384.5426200127,2.940166175001217e-06
1396,"30.5, -85.4",26829.6231247233,2.940166175001217e-06
1397,"30.1, -85.4",6572.30160729071,2.3922569424663304e-05
1398,"30.2, -85.4",11237.492045340701,2.3922569424663304e-05
1399,"30.0, -85.6",5111.1024044736405,3.368733058106914e-05
1400,"29.6, -83.3",12792.498849215,9.54176278812474e-06
1401,"29.8, -83.3",4599.092813243739,6.408889313225476e-07
1402,"29.7, -83.2",23365.291492903398,6.408889313225476e-07
1403,"29.8, -83.2",12944.6261901396,6.408889313225476e-07
1404,"29.7, -83.1",14728.7779846931,6.408889313225476e-07
1405,"29.8, -83.1",22885.135668993,6.408889313225476e-07
1406,"29.5, -83.4",1801.61451954817,
1407,"29.3, -83.2",3647.3179273515702,
1408,"29.4, -83.2",212.914472028414,9.54176278812474e-06
1409,"29.5, -83.1",10211.9408682179,9.54176278812474e-06
1410,"30.9, -85.2",74420.3263632952,3.762372568220035e-06
1411,"30.9, -85.1",79547.6073005751,8.8699757253827e-06
1412,"30.9, -85.0",85444.8849957808,8.8699757253827e-06
1413,"30.7, -84.9",77726.0697583003,-1.8743606865557203e-05
1414,"30.8, -85.4",56510.3474207813,1.231587850843069e-05
1415,"30.9, -85.3",70231.8897467997,4.190640015363677e-06
1416,"30.9, -85.6",64636.844589255496,1.1154858881677044e-05
1417,"31.0, -85.2",84262.9953682076,3.762372568220035e-06
1418,"31.0, -85.1",88819.7383310295,3.762372568220035e-06
1419,"27.8, -82.5",2687.4704092036104,
1420,"29.9, -82.0",19293.1519971671,4.080315218492454e-06
1421,"30.0, -82.0",12569.3480471482,4.080315218492454e-06
1422,"29.3, -82.4",29559.7218408944,1.045269092579618e-05
1423,"29.4, -82.4",40211.909718944,1.045269092579618e-05
1424,"29.4, -82.2",26019.2801276577,6.152799359909704e-05
1425,"29.2, -81.9",7786.325378513679,3.477965966646971e-05
1426,"29.2, -81.8",16003.2601734783,3.6702092211303363e-06
1427,"29.2, -81.7",7425.98480890125,0.0
1428,"29.1, -82.4",2676.21977254899,4.701323487830358e-05
1429,"30.7, -85.6",42528.7490005428,1.3106731782147373e-05
1430,"30.7, -85.5",43392.1256839533,1.7432704389559574e-05
1431,"30.8, -85.6",53622.495662739406,-1.6126376515861814e-05
1432,"30.5, -85.8",20353.4079860669,7.977713463488913e-06
1433,"30.6, -85.6",31435.0396242472,1.7432704389559574e-05
1434,"26.5, -81.2",31754.9911063107,1.3278447104743278e-05
1435,"26.6, -81.2",20718.941918414,4.28962525482517e-06
1436,"26.5, -81.1",32437.090737256498,3.6072955060677264e-06
1437,"26.5, -81.0",35669.7867902202,3.6072955060677264e-06
1438,"26.6, -81.0",25409.897134712002,1.2869944154173006e-05
1439,"26.5, -80.9",39990.333276717596,3.6072955060677264e-06
1440,"26.6, -80.9",31181.0872872907,1.2869944154173006e-05
1441,"28.5, -82.1",125435.893361182,4.227812481818664e-05
1442,"28.9, -82.1",120579.619006854,0.00010725186256639572
1443,"28.4, -82.0",118249.168559664,-4.515287554206528e-07
1444,"28.5, -82.0",116048.838964542,-4.515287554206528e-07
1445,"30.0, -82.5",61505.832248902596,4.964628284982823e-06
1446,"30.1, -82.4",50507.231917919904,1.343923423080346e-05
1447,"30.1, -82.3",40890.8257056246,6.024216701529982e-07
1448,"30.1, -82.2",31280.953558750498,6.024216701529982e-07
1449,"30.9, -85.8",54482.8738779629,1.2975952622577621e-06
1450,"30.9, -85.7",59004.1025815243,1.1154858881677044e-05
1451,"30.8, -86.0",36567.4967470887,1.0620993296109808e-05
1452,"27.7, -81.6",77447.68591826179,1.6400149959006637e-05
1453,"30.6, -83.2",80847.6643820895,3.1338443187626143e-06
1454,"30.4, -82.8",86769.8707543053,1.394271708904482e-06
1455,"30.5, -82.8",95967.14725678769,1.1345734487853712e-05
1456,"30.4, -83.0",77072.3285864954,1.4173200827841173e-05
1457,"30.6, -83.0",94568.29132020571,1.1345734487853712e-05
1458,"30.6, -82.9",101247.67031107699,1.1345734487853712e-05
1459,"30.6, -82.8",105529.86142847901,1.1345734487853712e-05
1460,"27.3, -82.0",67944.8966733946,8.496869754397538e-06
1461,"27.1, -81.8",41381.3532814805,9.319673332609567e-06
1462,"27.1, -81.7",41251.6612580149,2.666163394992561e-06
1463,"27.2, -81.7",52325.531933195096,6.195944810270415e-07
1464,"27.1, -81.6",39797.2604966481,2.666163394992561e-06
1465,"27.2, -81.6",47812.743244355996,2.666163394992561e-06
1466,"29.2, -81.6",15.6982914421677,1.9950070322137315e-05
1467,"29.2, -81.4",7139.724839984341,1.864730551574637e-05
1468,"27.9, -80.8",23738.288178164,0.00021672190884277563
1469,"28.0, -80.8",19378.2145507711,1.1168253519917904e-05
1470,"28.1, -80.8",15106.1572616952,1.1168253519917904e-05
1471,"28.8, -81.5",14376.703744703602,0.00013314087051990764
1472,"28.4, -81.8",99254.42132899769,7.993122683122403e-05
1473,"28.9, -81.6",71908.6856344507,3.1165517941177466e-05
1474,"28.4, -81.9",108727.75074831699,2.720376998378312e-05
1475,"28.5, -81.9",106468.77222619801,2.720376998378312e-05
1476,"28.2, -82.9",10011.3351064213,0.0005385334259243031
1477,"29.7, -82.8",17454.5437645221,2.0298251515219314e-05
1478,"29.8, -82.8",25534.933809503502,6.50923541154635e-06
1479,"30.3, -82.9",72156.7903344988,1.3923769828424547e-05
1480,"30.0, -82.8",44782.5222225241,4.680279077691099e-06
1481,"30.7, -85.7",41998.5874320286,9.904899597117614e-06
1482,"30.6, -85.5",32538.652636123,1.7432704389559574e-05
1483,"28.8, -82.8",14660.3555685435,
1484,"28.9, -82.8",5345.8139720871295,
1485,"28.7, -82.7",5025.03794579663,3.2550494493873724e-05
1486,"29.6, -85.1",2311.79538248327,
1487,"27.6, -81.7",79257.6211269896,1.1989117025009495e-05
1488,"27.5, -81.6",65419.8164932278,0.0001538016708835959
1489,"27.6, -81.6",70821.0495286729,0.0004005919857097862
1490,"27.4, -81.7",66861.9310976525,5.155810501713108e-07
1491,"27.4, -81.6",58688.621019212005,6.877183945880136e-06
1492,"26.6, -81.5",13625.2626709656,0.00014697594820533544
1493,"26.6, -81.4",17942.654770133202,4.28962525482517e-06
1494,"26.7, -81.4",7463.71147554652,4.2162763773823254e-05
1495,"26.5, -81.3",31475.0247571125,1.3278447104743278e-05
1496,"26.6, -81.3",21005.952742081,4.28962525482517e-06
1497,"26.7, -81.3",9925.72430709138,4.28962525482517e-06
1498,"29.8, -82.7",32123.0219176377,2.029041553980079e-05
1499,"29.6, -82.7",22485.6349083607,1.589211953076499e-05
1500,"26.5, -81.6",23385.339160594704,0.00012215751235542668
1501,"28.3, -82.0",120977.652313847,7.388739526718154e-08
1502,"28.2, -81.7",95873.10760408289,5.906232544257496e-05
1503,"28.0, -81.5",84657.56658200889,1.947737441474074e-05
1504,"30.3, -85.3",23793.3513614254,4.125111299781543e-06
1505,"30.4, -85.3",27433.5548292887,4.125111299781543e-06
1506,"30.4, -85.2",36199.5929285042,4.125111299781543e-06
1507,"30.2, -85.0",41121.590037404305,3.7699615618652527e-06
1508,"30.3, -85.0",47764.822940145306,3.7699615618652527e-06
1509,"30.5, -85.0",58182.97553196349,8.335474257947457e-06
1510,"30.6, -85.1",55665.8639873263,8.335474257947457e-06
1511,"30.4, -82.0",26749.313809619398,1.6394245786566615e-05
1512,"30.5, -82.0",38041.8367057948,1.6394245786566615e-05
1513,"30.5, -81.9",29501.167833259904,8.292719348880086e-06
1514,"27.1, -80.4",3435.21066714471,2.5689289274319136e-05
1515,"27.0, -80.3",7164.06874700325,6.0968690172028296e-05
1516,"27.0, -80.6",1142.71745641745,4.940430730679701e-07
1517,"27.0, -80.5",1257.15332340371,2.5689289274319136e-05
1518,"27.1, -80.5",5099.15441475497,2.5689289274319136e-05
1519,"26.0, -81.4",11660.114107526899,9.838421631000879e-05
1520,"26.1, -81.4",12265.128911092901,3.3768665723216746e-05
1521,"25.9, -81.3",2461.0229515242104,6.255227133756235e-06
1522,"26.0, -81.3",11299.0452211498,6.255227133756235e-06
1523,"26.1, -81.3",26006.465605177902,3.3768665723216746e-05
1524,"25.9, -81.2",9572.04764595536,6.255227133756235e-06
1525,"26.0, -81.2",16655.3033437146,6.255227133756235e-06
1526,"26.1, -81.2",25397.6491628659,6.255227133756235e-06
1527,"25.9, -81.1",18402.6604999297,6.255227133756235e-06
1528,"26.0, -81.1",24052.9661285896,6.255227133756235e-06
1529,"26.1, -81.1",31534.8882736585,6.255227133756235e-06
1530,"25.9, -81.0",27031.154312360897,6.255227133756235e-06
1531,"26.0, -81.0",32429.2150219777,6.255227133756235e-06
1532,"26.1, -81.0",38873.6905501977,6.255227133756235e-06
1533,"25.9, -80.9",34961.9388162812,6.255227133756235e-06
1534,"26.0, -80.9",41245.6899567383,6.255227133756235e-06
1535,"26.1, -80.9",46730.3584723583,6.255227133756235e-06
1536,"30.1, -84.9",28606.0947891878,2.971723547726034e-06
1537,"30.2, -84.9",39681.517937855,2.971723547726034e-06
1538,"30.3, -84.9",47743.381961640596,3.7699615618652527e-06
1539,"30.4, -84.9",56493.4489083495,3.7699615618652527e-06
1540,"30.5, -84.9",65754.73063333321,9.138348242245097e-06
1541,"30.1, -84.8",25426.653062094,2.971723547726034e-06
1542,"30.2, -84.8",33063.309510627005,2.971723547726034e-06
1543,"30.3, -84.8",41945.595669065,2.971723547726034e-06
1544,"30.4, -84.8",50875.866864293,2.5268234766136632e-06
1545,"30.5, -84.8",59867.026691161394,2.5268234766136632e-06
1546,"30.5, -84.7",32567.717961206497,2.5268234766136632e-06
1547,"30.5, -84.6",23028.254130752797,0.00010925098274099942
1548,"30.1, -85.0",30260.9398981805,3.7699615618652527e-06
1549,"30.6, -84.9",71738.9372043165,9.138348242245097e-06
1550,"30.7, -84.7",37560.718664204105,1.5565171170788448e-05
1551,"30.6, -84.4",7372.404304900841,6.4854554775625e-05
1552,"28.8, -82.4",18306.3663754761,1.9614033442361445e-05
1553,"26.9, -81.5",15520.6486976851,3.696338037978549e-06
1554,"27.0, -81.5",26172.841525605698,3.696338037978549e-06
1555,"26.8, -81.4",2764.2285358006297,4.2162763773823254e-05
1556,"26.9, -81.4",12211.6527007797,3.696338037978549e-06
1557,"27.0, -81.4",20761.344991789298,3.696338037978549e-06
1558,"26.8, -81.3",687.474994095473,3.696338037978549e-06
1559,"26.8, -81.2",1252.70064370756,3.696338037978549e-06
1560,"26.9, -81.2",6856.21357906109,1.1774970478541954e-06
1561,"27.0, -81.2",3625.7895931891603,1.1774970478541954e-06
1562,"26.8, -81.0",9561.77614022376,0.00022747547356044537
1563,"27.1, -81.1",3025.0170355975397,1.1774970478541954e-06
1564,"27.2, -81.1",10597.7113099303,2.059127693971099e-05
1565,"27.1, -81.0",956.777782843728,1.9077878862093643e-05
1566,"27.7, -82.0",110249.670993145,1.6821681204306967e-06
1567,"27.8, -82.0",115969.024092532,1.6821681204306967e-06
1568,"27.7, -81.9",101866.220394339,-6.365903429173408e-06
1569,"27.8, -81.9",107712.159362934,3.573997543327958e-05
1570,"30.0, -82.7",49184.153684740304,2.0003133687041585e-05
