,longitude,latitude,coords,policy_percent
0,-85.8,30.2,"30.2, -85.8",33.0
1,-85.7,30.2,"30.2, -85.7",33.0
2,-82.8,27.7,"27.7, -82.8",25.0
3,-82.8,27.8,"27.8, -82.8",25.0
4,-82.8,27.9,"27.9, -82.8",25.0
5,-82.8,28.0,"28.0, -82.8",25.0
6,-82.8,28.1,"28.1, -82.8",25.0
7,-82.8,28.2,"28.2, -82.8",10.0
8,-82.7,27.8,"27.8, -82.7",25.0
9,-82.7,27.9,"27.9, -82.7",25.0
10,-82.7,28.0,"28.0, -82.7",25.0
11,-82.7,28.1,"28.1, -82.7",25.0
12,-82.7,28.2,"28.2, -82.7",10.0
13,-82.7,28.3,"28.3, -82.7",10.0
14,-82.6,27.3,"27.3, -82.6",26.0
15,-82.6,27.4,"27.4, -82.6",20.0
16,-82.6,27.5,"27.5, -82.6",20.0
17,-82.6,27.8,"27.8, -82.6",25.0
18,-82.6,27.9,"27.9, -82.6",25.0
19,-82.6,28.0,"28.0, -82.6",11.0
20,-82.6,28.1,"28.1, -82.6",11.0
21,-82.6,28.9,"28.9, -82.6",7.0
22,-82.5,27.1,"27.1, -82.5",26.0
23,-82.5,27.2,"27.2, -82.5",26.0
24,-82.5,27.3,"27.3, -82.5",26.0
25,-82.5,27.4,"27.4, -82.5",20.0
26,-82.5,27.5,"27.5, -82.5",20.0
27,-82.5,27.9,"27.9, -82.5",11.0
28,-82.5,28.0,"28.0, -82.5",11.0
29,-82.5,28.1,"28.1, -82.5",11.0
30,-82.5,28.2,"28.2, -82.5",10.0
31,-82.4,27.1,"27.1, -82.4",26.0
32,-82.4,27.3,"27.3, -82.4",26.0
33,-82.4,27.7,"27.7, -82.4",11.0
34,-82.4,27.8,"27.8, -82.4",11.0
35,-82.4,27.9,"27.9, -82.4",11.0
36,-82.4,28.0,"28.0, -82.4",11.0
37,-82.4,28.1,"28.1, -82.4",11.0
38,-82.4,28.2,"28.2, -82.4",10.0
39,-82.4,29.0,"29.0, -82.4",7.0
40,-82.3,27.1,"27.1, -82.3",26.0
41,-82.3,27.3,"27.3, -82.3",26.0
42,-82.3,27.8,"27.8, -82.3",11.0
43,-82.3,27.9,"27.9, -82.3",11.0
44,-82.3,28.0,"28.0, -82.3",11.0
45,-82.3,28.1,"28.1, -82.3",11.0
46,-82.3,28.2,"28.2, -82.3",10.0
47,-82.3,28.6,"28.6, -82.3",4.0
48,-82.2,27.3,"27.3, -82.2",20.0
49,-82.2,28.2,"28.2, -82.2",10.0
50,-82.2,28.5,"28.5, -82.2",4.0
51,-82.2,28.6,"28.6, -82.2",5.0
52,-82.1,27.0,"27.0, -82.1",34.0
53,-82.1,28.0,"28.0, -82.1",11.0
54,-82.0,26.9,"26.9, -82.0",34.0
55,-82.0,27.4,"27.4, -82.0",1.0
56,-82.0,28.0,"28.0, -82.0",3.0
57,-81.9,27.5,"27.5, -81.9",1.0
58,-81.8,26.4,"26.4, -81.8",34.0
59,-81.8,27.6,"27.6, -81.8",1.0
60,-81.8,30.3,"30.3, -81.8",8.0
61,-81.6,28.5,"28.5, -81.6",3.0
62,-81.5,28.1,"28.1, -81.5",3.0
63,-81.5,28.5,"28.5, -81.5",3.0
64,-81.5,28.6,"28.6, -81.5",3.0
65,-81.5,30.3,"30.3, -81.5",8.0
66,-81.4,28.6,"28.6, -81.4",3.0
67,-81.3,28.2,"28.2, -81.3",6.0
68,-81.3,28.6,"28.6, -81.3",3.0
69,-81.3,28.8,"28.8, -81.3",4.0
70,-81.3,29.9,"29.9, -81.3",
71,-81.0,29.3,"29.3, -81.0",18.0
72,-80.9,27.3,"27.3, -80.9",9.0
73,-80.7,28.3,"28.3, -80.7",18.0
74,-80.5,27.8,"27.8, -80.5",27.0
75,-80.4,25.7,"25.7, -80.4",34.0
76,-80.4,25.8,"25.8, -80.4",34.0
77,-80.3,25.7,"25.7, -80.3",34.0
78,-80.3,25.8,"25.8, -80.3",34.0
79,-80.3,25.9,"25.9, -80.3",34.0
80,-80.3,26.0,"26.0, -80.3",26.0
81,-80.3,26.2,"26.2, -80.3",26.0
82,-80.2,25.8,"25.8, -80.2",34.0
83,-80.2,25.9,"25.9, -80.2",34.0
84,-80.2,26.2,"26.2, -80.2",26.0
85,-80.2,26.3,"26.3, -80.2",26.0
86,-80.1,25.9,"25.9, -80.1",34.0
87,-87.5,30.3,"30.3, -87.5",14.0
88,-87.4,30.3,"30.3, -87.4",14.0
89,-87.4,30.4,"30.4, -87.4",14.0
90,-87.4,30.5,"30.5, -87.4",14.0
91,-87.4,30.6,"30.6, -87.4",14.0
92,-87.4,30.7,"30.7, -87.4",14.0
93,-87.3,30.4,"30.4, -87.3",14.0
94,-87.3,30.5,"30.5, -87.3",14.0
95,-87.3,30.6,"30.6, -87.3",14.0
96,-87.3,30.9,"30.9, -87.3",14.0
97,-87.2,30.4,"30.4, -87.2",14.0
98,-87.2,30.5,"30.5, -87.2",14.0
99,-87.2,30.6,"30.6, -87.2",20.0
100,-87.2,30.7,"30.7, -87.2",20.0
101,-87.1,30.3,"30.3, -87.1",14.0
102,-87.1,30.4,"30.4, -87.1",20.0
103,-87.1,30.5,"30.5, -87.1",20.0
104,-87.1,30.6,"30.6, -87.1",20.0
105,-87.1,30.8,"30.8, -87.1",20.0
106,-87.0,30.4,"30.4, -87.0",20.0
107,-87.0,30.5,"30.5, -87.0",20.0
108,-87.0,30.6,"30.6, -87.0",20.0
109,-87.0,30.7,"30.7, -87.0",20.0
110,-87.0,30.8,"30.8, -87.0",20.0
111,-86.9,30.4,"30.4, -86.9",20.0
112,-86.9,30.5,"30.5, -86.9",20.0
113,-86.9,30.6,"30.6, -86.9",20.0
114,-86.9,30.8,"30.8, -86.9",20.0
115,-86.8,30.4,"30.4, -86.8",20.0
116,-86.8,30.6,"30.6, -86.8",20.0
117,-86.8,30.7,"30.7, -86.8",20.0
118,-86.7,30.4,"30.4, -86.7",21.0
119,-86.7,30.5,"30.5, -86.7",21.0
120,-86.7,30.7,"30.7, -86.7",21.0
121,-86.6,30.4,"30.4, -86.6",21.0
122,-86.6,30.5,"30.5, -86.6",21.0
123,-86.6,30.7,"30.7, -86.6",21.0
124,-86.6,30.8,"30.8, -86.6",21.0
125,-86.5,30.4,"30.4, -86.5",21.0
126,-86.5,30.5,"30.5, -86.5",21.0
127,-86.5,30.7,"30.7, -86.5",21.0
128,-86.5,30.8,"30.8, -86.5",21.0
129,-86.4,30.4,"30.4, -86.4",21.0
130,-86.4,30.5,"30.5, -86.4",21.0
131,-86.4,30.8,"30.8, -86.4",21.0
132,-86.4,30.9,"30.9, -86.4",21.0
133,-86.3,30.4,"30.4, -86.3",37.0
134,-86.3,30.7,"30.7, -86.3",37.0
135,-86.3,30.8,"30.8, -86.3",37.0
136,-86.2,30.4,"30.4, -86.2",37.0
137,-86.2,30.5,"30.5, -86.2",37.0
138,-86.2,30.8,"30.8, -86.2",37.0
139,-86.1,30.3,"30.3, -86.1",37.0
140,-86.1,30.4,"30.4, -86.1",37.0
141,-86.1,30.5,"30.5, -86.1",37.0
142,-86.0,30.3,"30.3, -86.0",37.0
143,-86.0,30.4,"30.4, -86.0",37.0
144,-86.0,30.7,"30.7, -86.0",37.0
145,-86.0,30.9,"30.9, -86.0",1.0
146,-85.9,30.2,"30.2, -85.9",33.0
147,-85.9,30.3,"30.3, -85.9",33.0
148,-85.9,30.4,"30.4, -85.9",33.0
149,-85.9,30.5,"30.5, -85.9",37.0
150,-85.9,30.7,"30.7, -85.9",37.0
151,-85.9,30.9,"30.9, -85.9",1.0
152,-85.9,31.0,"31.0, -85.9",1.0
153,-85.8,30.1,"30.1, -85.8",33.0
154,-85.8,30.6,"30.6, -85.8",1.0
155,-85.8,30.7,"30.7, -85.8",1.0
156,-85.8,30.8,"30.8, -85.8",1.0
157,-85.7,30.1,"30.1, -85.7",33.0
158,-85.7,30.3,"30.3, -85.7",33.0
159,-85.7,30.6,"30.6, -85.7",1.0
160,-85.7,30.8,"30.8, -85.7",1.0
161,-85.6,30.1,"30.1, -85.6",33.0
162,-85.6,30.2,"30.2, -85.6",33.0
163,-85.6,30.3,"30.3, -85.6",33.0
164,-85.5,30.1,"30.1, -85.5",33.0
165,-85.5,30.3,"30.3, -85.5",33.0
166,-85.5,30.9,"30.9, -85.5",1.0
167,-85.4,29.9,"29.9, -85.4",16.0
168,-85.4,30.0,"30.0, -85.4",33.0
169,-85.3,29.9,"29.9, -85.3",16.0
170,-85.3,30.0,"30.0, -85.3",16.0
171,-85.3,30.5,"30.5, -85.3",2.0
172,-85.2,29.7,"29.7, -85.2",16.0
173,-85.2,30.0,"30.0, -85.2",16.0
174,-85.2,30.1,"30.1, -85.2",16.0
175,-85.2,30.2,"30.2, -85.2",16.0
176,-85.2,30.3,"30.3, -85.2",2.0
177,-85.2,30.5,"30.5, -85.2",2.0
178,-85.2,30.7,"30.7, -85.2",1.0
179,-85.2,30.8,"30.8, -85.2",1.0
180,-85.1,29.9,"29.9, -85.1",16.0
181,-85.1,30.1,"30.1, -85.1",16.0
182,-85.1,30.4,"30.4, -85.1",2.0
183,-85.1,30.5,"30.5, -85.1",2.0
184,-85.0,29.7,"29.7, -85.0",33.0
185,-85.0,29.8,"29.8, -85.0",33.0
186,-85.0,30.4,"30.4, -85.0",2.0
187,-84.9,29.6,"29.6, -84.9",33.0
188,-84.9,29.7,"29.7, -84.9",33.0
189,-84.9,29.8,"29.8, -84.9",33.0
190,-84.8,29.7,"29.7, -84.8",33.0
191,-84.8,30.7,"30.7, -84.8",1.0
192,-84.7,29.8,"29.8, -84.7",33.0
193,-84.7,29.9,"29.9, -84.7",33.0
194,-84.6,29.8,"29.8, -84.6",33.0
195,-84.6,29.9,"29.9, -84.6",33.0
196,-84.6,30.6,"30.6, -84.6",1.0
197,-84.5,30.1,"30.1, -84.5",11.0
198,-84.4,30.0,"30.0, -84.4",11.0
199,-84.4,30.2,"30.2, -84.4",11.0
200,-84.3,30.1,"30.1, -84.3",11.0
201,-84.3,30.2,"30.2, -84.3",11.0
202,-84.3,30.3,"30.3, -84.3",3.0
203,-84.3,30.4,"30.4, -84.3",3.0
204,-84.3,30.5,"30.5, -84.3",3.0
205,-84.3,30.7,"30.7, -84.3",1.0
206,-84.2,30.2,"30.2, -84.2",11.0
207,-84.2,30.3,"30.3, -84.2",3.0
208,-83.6,29.8,"29.8, -83.6",5.0
209,-83.6,30.1,"30.1, -83.6",5.0
210,-83.6,30.2,"30.2, -83.6",5.0
211,-83.4,29.7,"29.7, -83.4",5.0
212,-83.4,30.5,"30.5, -83.4",1.0
213,-83.3,30.4,"30.4, -83.3",1.0
214,-83.3,30.6,"30.6, -83.3",1.0
215,-83.2,29.5,"29.5, -83.2",5.0
216,-83.2,29.6,"29.6, -83.2",5.0
217,-83.2,30.0,"30.0, -83.2",4.0
218,-83.2,30.1,"30.1, -83.2",3.0
219,-83.2,30.2,"30.2, -83.2",3.0
220,-83.2,30.4,"30.4, -83.2",1.0
221,-83.1,29.3,"29.3, -83.1",5.0
222,-83.1,29.6,"29.6, -83.1",5.0
223,-83.1,30.1,"30.1, -83.1",3.0
224,-83.1,30.3,"30.3, -83.1",3.0
225,-83.1,30.6,"30.6, -83.1",1.0
226,-83.0,29.4,"29.4, -83.0",5.0
227,-83.0,29.5,"29.5, -83.0",5.0
228,-83.0,29.6,"29.6, -83.0",4.0
229,-83.0,30.0,"30.0, -83.0",3.0
230,-83.0,30.3,"30.3, -83.0",3.0
231,-83.0,30.5,"30.5, -83.0",1.0
232,-82.9,29.5,"29.5, -82.9",5.0
233,-82.9,29.7,"29.7, -82.9",4.0
234,-82.9,29.8,"29.8, -82.9",4.0
235,-82.9,29.9,"29.9, -82.9",3.0
236,-82.9,30.0,"30.0, -82.9",3.0
237,-82.9,30.2,"30.2, -82.9",3.0
238,-82.9,30.4,"30.4, -82.9",3.0
239,-82.9,30.5,"30.5, -82.9",1.0
240,-82.8,29.6,"29.6, -82.8",4.0
241,-82.8,29.9,"29.9, -82.8",4.0
242,-82.8,30.3,"30.3, -82.8",3.0
243,-82.7,27.4,"27.4, -82.7",20.0
244,-82.7,27.7,"27.7, -82.7",25.0
245,-82.7,28.8,"28.8, -82.7",7.0
246,-82.7,29.0,"29.0, -82.7",7.0
247,-82.7,29.9,"29.9, -82.7",3.0
248,-82.7,30.1,"30.1, -82.7",3.0
249,-82.7,30.2,"30.2, -82.7",3.0
250,-82.6,28.2,"28.2, -82.6",10.0
251,-82.6,28.3,"28.3, -82.6",10.0
252,-82.6,28.5,"28.5, -82.6",4.0
253,-82.6,28.8,"28.8, -82.6",7.0
254,-82.6,29.8,"29.8, -82.6",2.0
255,-82.6,30.2,"30.2, -82.6",3.0
256,-82.5,27.6,"27.6, -82.5",20.0
257,-82.5,28.7,"28.7, -82.5",7.0
258,-82.4,26.9,"26.9, -82.4",34.0
259,-82.4,27.0,"27.0, -82.4",26.0
260,-82.4,28.3,"28.3, -82.4",10.0
261,-82.4,28.7,"28.7, -82.4",4.0
262,-82.4,29.6,"29.6, -82.4",2.0
263,-82.4,29.7,"29.7, -82.4",2.0
264,-82.4,29.9,"29.9, -82.4",2.0
265,-82.4,30.0,"30.0, -82.4",1.0
266,-82.3,26.9,"26.9, -82.3",34.0
267,-82.3,28.4,"28.4, -82.3",10.0
268,-82.3,28.7,"28.7, -82.3",7.0
269,-82.3,28.8,"28.8, -82.3",7.0
270,-82.3,28.9,"28.9, -82.3",7.0
271,-82.3,29.0,"29.0, -82.3",2.0
272,-82.3,30.0,"30.0, -82.3",1.0
273,-82.2,27.9,"27.9, -82.2",11.0
274,-82.2,28.3,"28.3, -82.2",10.0
275,-82.2,28.9,"28.9, -82.2",5.0
276,-82.2,29.9,"29.9, -82.2",4.0
277,-82.2,30.3,"30.3, -82.2",2.0
278,-82.1,26.4,"26.4, -82.1",34.0
279,-82.1,26.6,"26.6, -82.1",34.0
280,-82.1,26.9,"26.9, -82.1",34.0
281,-82.1,27.9,"27.9, -82.1",11.0
282,-82.1,28.7,"28.7, -82.1",5.0
283,-82.1,29.8,"29.8, -82.1",7.0
284,-82.1,29.9,"29.9, -82.1",4.0
285,-82.1,30.0,"30.0, -82.1",4.0
286,-82.1,30.3,"30.3, -82.1",2.0
287,-82.0,27.1,"27.1, -82.0",
288,-82.0,28.1,"28.1, -82.0",3.0
289,-82.0,28.9,"28.9, -82.0",5.0
290,-82.0,29.7,"29.7, -82.0",4.0
291,-82.0,30.2,"30.2, -82.0",7.0
292,-81.9,26.4,"26.4, -81.9",34.0
293,-81.9,26.6,"26.6, -81.9",34.0
294,-81.9,26.7,"26.7, -81.9",34.0
295,-81.9,27.2,"27.2, -81.9",
296,-81.9,27.3,"27.3, -81.9",
297,-81.9,28.0,"28.0, -81.9",3.0
298,-81.9,28.1,"28.1, -81.9",3.0
299,-81.9,30.0,"30.0, -81.9",7.0
300,-81.9,30.1,"30.1, -81.9",7.0
301,-81.9,30.3,"30.3, -81.9",8.0
302,-81.8,24.5,"24.5, -81.8",57.0
303,-81.8,24.6,"24.6, -81.8",57.0
304,-81.8,26.1,"26.1, -81.8",47.0
305,-81.8,26.2,"26.2, -81.8",47.0
306,-81.8,26.3,"26.3, -81.8",47.0
307,-81.8,26.7,"26.7, -81.8",34.0
308,-81.8,26.8,"26.8, -81.8",34.0
309,-81.8,28.0,"28.0, -81.8",3.0
310,-81.8,28.5,"28.5, -81.8",2.0
311,-81.8,30.1,"30.1, -81.8",7.0
312,-81.8,30.4,"30.4, -81.8",8.0
313,-81.7,24.6,"24.6, -81.7",57.0
314,-81.7,26.1,"26.1, -81.7",47.0
315,-81.7,27.5,"27.5, -81.7",1.0
316,-81.7,28.0,"28.0, -81.7",3.0
317,-81.7,28.1,"28.1, -81.7",3.0
318,-81.7,30.2,"30.2, -81.7",8.0
319,-81.7,30.3,"30.3, -81.7",8.0
320,-81.7,30.4,"30.4, -81.7",8.0
321,-81.6,24.6,"24.6, -81.6",57.0
322,-81.6,30.1,"30.1, -81.6",
323,-81.6,30.2,"30.2, -81.6",8.0
324,-81.6,30.3,"30.3, -81.6",8.0
325,-81.6,30.4,"30.4, -81.6",8.0
326,-81.6,30.5,"30.5, -81.6",8.0
327,-81.5,24.6,"24.6, -81.5",57.0
328,-81.5,24.7,"24.7, -81.5",57.0
329,-81.5,27.6,"27.6, -81.5",2.0
330,-81.5,28.4,"28.4, -81.5",3.0
331,-81.5,30.5,"30.5, -81.5",8.0
332,-81.4,24.6,"24.6, -81.4",57.0
333,-81.4,24.7,"24.7, -81.4",57.0
334,-81.4,28.5,"28.5, -81.4",3.0
335,-81.4,28.7,"28.7, -81.4",4.0
336,-81.4,30.2,"30.2, -81.4",
337,-81.4,30.3,"30.3, -81.4",8.0
338,-81.3,24.6,"24.6, -81.3",57.0
339,-81.3,24.7,"24.7, -81.3",57.0
340,-81.3,28.7,"28.7, -81.3",4.0
341,-81.2,24.7,"24.7, -81.2",57.0
342,-81.1,24.7,"24.7, -81.1",57.0
343,-81.1,29.3,"29.3, -81.1",18.0
344,-81.0,24.7,"24.7, -81.0",57.0
345,-81.0,24.8,"24.8, -81.0",57.0
346,-81.0,27.9,"27.9, -81.0",6.0
347,-81.0,29.2,"29.2, -81.0",18.0
348,-80.9,24.8,"24.8, -80.9",57.0
349,-80.9,28.8,"28.8, -80.9",18.0
350,-80.8,24.8,"24.8, -80.8",57.0
351,-80.7,24.8,"24.8, -80.7",57.0
352,-80.7,24.9,"24.9, -80.7",57.0
353,-80.7,28.0,"28.0, -80.7",18.0
354,-80.6,24.9,"24.9, -80.6",57.0
355,-80.6,25.0,"25.0, -80.6",57.0
356,-80.5,25.0,"25.0, -80.5",57.0
357,-80.5,25.1,"25.1, -80.5",57.0
358,-80.5,25.4,"25.4, -80.5",34.0
359,-80.5,25.5,"25.5, -80.5",34.0
360,-80.4,25.1,"25.1, -80.4",57.0
361,-80.4,25.2,"25.2, -80.4",57.0
362,-80.4,25.9,"25.9, -80.4",34.0
363,-80.3,25.6,"25.6, -80.3",34.0
364,-80.3,26.1,"26.1, -80.3",26.0
365,-80.3,27.2,"27.2, -80.3",21.0
366,-80.3,27.6,"27.6, -80.3",27.0
367,-80.2,25.7,"25.7, -80.2",34.0
368,-80.2,26.0,"26.0, -80.2",26.0
369,-80.2,26.1,"26.1, -80.2",26.0
370,-80.2,26.4,"26.4, -80.2",22.0
371,-80.2,26.8,"26.8, -80.2",22.0
372,-80.2,27.1,"27.1, -80.2",21.0
373,-80.2,27.2,"27.2, -80.2",21.0
374,-80.2,27.3,"27.3, -80.2",
375,-80.1,25.8,"25.8, -80.1",34.0
376,-80.1,26.0,"26.0, -80.1",26.0
377,-80.1,26.1,"26.1, -80.1",26.0
378,-80.1,26.2,"26.2, -80.1",26.0
379,-80.1,26.3,"26.3, -80.1",26.0
380,-80.1,26.4,"26.4, -80.1",22.0
381,-80.1,26.5,"26.5, -80.1",22.0
382,-80.1,26.6,"26.6, -80.1",22.0
383,-80.1,26.7,"26.7, -80.1",22.0
384,-80.1,26.9,"26.9, -80.1",22.0
385,-80.0,26.6,"26.6, -80.0",22.0
386,-80.0,26.7,"26.7, -80.0",22.0
387,-82.7,28.4,"28.4, -82.7",10.0
388,-82.6,27.6,"27.6, -82.6",20.0
389,-82.4,28.6,"28.6, -82.4",4.0
390,-82.2,26.5,"26.5, -82.2",34.0
391,-82.2,26.7,"26.7, -82.2",34.0
392,-82.0,26.5,"26.5, -82.0",34.0
393,-82.0,26.6,"26.6, -82.0",34.0
394,-81.9,26.5,"26.5, -81.9",34.0
395,-81.9,29.1,"29.1, -81.9",2.0
396,-81.8,27.5,"27.5, -81.8",1.0
397,-81.7,25.9,"25.9, -81.7",47.0
398,-81.7,26.2,"26.2, -81.7",47.0
399,-81.7,26.3,"26.3, -81.7",47.0
400,-81.6,29.6,"29.6, -81.6",4.0
401,-81.5,26.2,"26.2, -81.5",47.0
402,-81.5,30.6,"30.6, -81.5",29.0
403,-81.4,25.9,"25.9, -81.4",47.0
404,-81.4,30.1,"30.1, -81.4",
405,-81.4,30.7,"30.7, -81.4",29.0
406,-81.3,27.3,"27.3, -81.3",2.0
407,-81.3,29.1,"29.1, -81.3",18.0
408,-81.3,29.8,"29.8, -81.3",
409,-81.2,28.4,"28.4, -81.2",3.0
410,-81.2,29.5,"29.5, -81.2",22.0
411,-81.2,29.6,"29.6, -81.2",22.0
412,-81.2,29.7,"29.7, -81.2",
413,-81.2,29.8,"29.8, -81.2",
414,-81.1,28.7,"28.7, -81.1",4.0
415,-81.1,29.4,"29.4, -81.1",18.0
416,-81.1,29.5,"29.5, -81.1",22.0
417,-81.0,29.0,"29.0, -81.0",18.0
418,-81.0,29.1,"29.1, -81.0",18.0
419,-80.9,28.9,"28.9, -80.9",18.0
420,-80.9,29.0,"29.0, -80.9",18.0
421,-80.8,27.2,"27.2, -80.8",9.0
422,-80.8,28.4,"28.4, -80.8",18.0
423,-80.8,28.5,"28.5, -80.8",18.0
424,-80.8,28.9,"28.9, -80.8",18.0
425,-80.8,29.0,"29.0, -80.8",18.0
426,-80.7,28.1,"28.1, -80.7",18.0
427,-80.7,28.2,"28.2, -80.7",18.0
428,-80.7,28.4,"28.4, -80.7",18.0
429,-80.7,28.5,"28.5, -80.7",18.0
430,-80.6,25.5,"25.5, -80.6",34.0
431,-80.6,28.0,"28.0, -80.6",18.0
432,-80.6,28.1,"28.1, -80.6",18.0
433,-80.6,28.2,"28.2, -80.6",18.0
434,-80.6,28.4,"28.4, -80.6",18.0
435,-80.5,25.6,"25.6, -80.5",34.0
436,-80.5,25.7,"25.7, -80.5",34.0
437,-80.5,27.7,"27.7, -80.5",27.0
438,-80.5,27.9,"27.9, -80.5",18.0
439,-80.5,28.0,"28.0, -80.5",18.0
440,-80.4,25.5,"25.5, -80.4",34.0
441,-80.4,25.6,"25.6, -80.4",34.0
442,-80.4,26.0,"26.0, -80.4",26.0
443,-80.4,26.1,"26.1, -80.4",26.0
444,-80.4,27.3,"27.3, -80.4",
445,-80.4,27.4,"27.4, -80.4",
446,-80.4,27.5,"27.5, -80.4",
447,-80.4,27.6,"27.6, -80.4",27.0
448,-80.4,27.7,"27.7, -80.4",27.0
449,-80.4,27.8,"27.8, -80.4",27.0
450,-80.3,26.3,"26.3, -80.3",26.0
451,-80.3,26.6,"26.6, -80.3",22.0
452,-80.3,26.7,"26.7, -80.3",22.0
453,-80.3,27.1,"27.1, -80.3",21.0
454,-80.3,27.3,"27.3, -80.3",
455,-80.3,27.4,"27.4, -80.3",
456,-80.3,27.5,"27.5, -80.3",
457,-80.2,26.5,"26.5, -80.2",22.0
458,-80.2,26.6,"26.6, -80.2",22.0
459,-80.2,26.7,"26.7, -80.2",22.0
460,-80.2,26.9,"26.9, -80.2",22.0
461,-80.2,27.0,"27.0, -80.2",21.0
462,-80.1,26.8,"26.8, -80.1",22.0
463,-80.1,27.0,"27.0, -80.1",21.0
464,-80.0,26.5,"26.5, -80.0",22.0
465,-80.0,26.8,"26.8, -80.0",22.0
466,-80.0,26.9,"26.9, -80.0",22.0
467,-84.1,30.5,"30.5, -84.1",3.0
468,-82.6,29.0,"29.0, -82.6",7.0
469,-82.5,27.7,"27.7, -82.5",11.0
470,-82.3,27.0,"27.0, -82.3",26.0
471,-82.0,26.4,"26.4, -82.0",34.0
472,-82.0,26.8,"26.8, -82.0",34.0
473,-82.0,27.0,"27.0, -82.0",34.0
474,-81.8,26.5,"26.5, -81.8",34.0
475,-81.8,30.2,"30.2, -81.8",8.0
476,-81.6,29.8,"29.8, -81.6",4.0
477,-81.5,30.4,"30.4, -81.5",8.0
478,-81.4,30.5,"30.5, -81.4",29.0
479,-81.1,29.2,"29.2, -81.1",18.0
480,-84.8,30.6,"30.6, -84.8",1.0
481,-84.4,30.3,"30.3, -84.4",11.0
482,-84.3,30.6,"30.6, -84.3",3.0
483,-84.2,30.4,"30.4, -84.2",3.0
484,-84.2,30.5,"30.5, -84.2",3.0
485,-82.5,29.0,"29.0, -82.5",7.0
486,-82.4,27.2,"27.2, -82.4",26.0
487,-82.4,27.4,"27.4, -82.4",20.0
488,-82.4,27.5,"27.5, -82.4",20.0
489,-82.4,27.6,"27.6, -82.4",20.0
490,-82.4,28.9,"28.9, -82.4",7.0
491,-82.3,26.7,"26.7, -82.3",34.0
492,-82.2,26.6,"26.6, -82.2",34.0
493,-82.2,27.1,"27.1, -82.2",26.0
494,-82.1,26.5,"26.5, -82.1",34.0
495,-82.1,26.7,"26.7, -82.1",34.0
496,-82.0,26.7,"26.7, -82.0",34.0
497,-82.0,27.2,"27.2, -82.0",
498,-81.9,28.2,"28.2, -81.9",3.0
499,-81.8,27.4,"27.4, -81.8",1.0
500,-81.8,28.1,"28.1, -81.8",3.0
501,-81.7,26.0,"26.0, -81.7",47.0
502,-81.7,26.7,"26.7, -81.7",34.0
503,-81.7,29.5,"29.5, -81.7",4.0
504,-81.7,30.1,"30.1, -81.7",7.0
505,-81.6,29.4,"29.4, -81.6",4.0
506,-81.6,29.5,"29.5, -81.6",4.0
507,-81.6,29.9,"29.9, -81.6",
508,-81.6,30.0,"30.0, -81.6",
509,-81.5,29.2,"29.2, -81.5",18.0
510,-81.5,29.4,"29.4, -81.5",4.0
511,-81.5,30.0,"30.0, -81.5",
512,-81.5,30.2,"30.2, -81.5",8.0
513,-81.4,25.8,"25.8, -81.4",47.0
514,-81.4,29.0,"29.0, -81.4",18.0
515,-81.4,29.3,"29.3, -81.4",18.0
516,-81.4,29.4,"29.4, -81.4",22.0
517,-81.4,29.9,"29.9, -81.4",
518,-81.3,28.5,"28.5, -81.3",3.0
519,-81.3,29.0,"29.0, -81.3",18.0
520,-81.3,29.6,"29.6, -81.3",22.0
521,-81.2,28.5,"28.5, -81.2",3.0
522,-81.2,28.6,"28.6, -81.2",3.0
523,-81.2,28.7,"28.7, -81.2",4.0
524,-81.2,28.9,"28.9, -81.2",18.0
525,-81.2,29.4,"29.4, -81.2",22.0
526,-81.1,29.0,"29.0, -81.1",18.0
527,-81.1,29.1,"29.1, -81.1",18.0
528,-80.8,28.6,"28.6, -80.8",18.0
529,-85.5,30.8,"30.8, -85.5",1.0
530,-82.4,28.5,"28.5, -82.4",4.0
531,-82.2,28.0,"28.0, -82.2",11.0
532,-82.1,28.6,"28.6, -82.1",5.0
533,-81.9,27.9,"27.9, -81.9",3.0
534,-81.7,28.8,"28.8, -81.7",2.0
535,-81.5,26.7,"26.7, -81.5",10.0
536,-81.5,28.7,"28.7, -81.5",3.0
537,-81.5,30.7,"30.7, -81.5",29.0
538,-81.4,28.3,"28.3, -81.4",6.0
539,-81.3,28.9,"28.9, -81.3",18.0
540,-81.2,27.4,"27.4, -81.2",2.0
541,-81.2,28.8,"28.8, -81.2",4.0
542,-80.9,26.7,"26.7, -80.9",10.0
543,-80.5,27.6,"27.6, -80.5",27.0
544,-86.7,30.8,"30.8, -86.7",21.0
545,-85.0,30.7,"30.7, -85.0",1.0
546,-84.4,30.1,"30.1, -84.4",11.0
547,-82.8,29.3,"29.3, -82.8",5.0
548,-82.7,28.5,"28.5, -82.7",4.0
549,-82.6,28.4,"28.4, -82.6",10.0
550,-82.6,30.1,"30.1, -82.6",3.0
551,-82.5,28.8,"28.8, -82.5",7.0
552,-82.3,29.7,"29.7, -82.3",2.0
553,-82.2,27.0,"27.0, -82.2",34.0
554,-82.2,28.4,"28.4, -82.2",10.0
555,-82.1,27.4,"27.4, -82.1",20.0
556,-82.0,28.6,"28.6, -82.0",5.0
557,-82.0,30.7,"30.7, -82.0",29.0
558,-81.8,27.9,"27.9, -81.8",3.0
559,-81.7,27.8,"27.8, -81.7",3.0
560,-81.6,28.3,"28.3, -81.6",6.0
561,-81.5,27.5,"27.5, -81.5",2.0
562,-81.5,28.3,"28.3, -81.5",6.0
563,-81.3,28.3,"28.3, -81.3",6.0
564,-80.6,28.3,"28.3, -80.6",18.0
565,-87.3,30.3,"30.3, -87.3",14.0
566,-87.2,30.8,"30.8, -87.2",20.0
567,-86.3,30.5,"30.5, -86.3",37.0
568,-86.3,31.0,"31.0, -86.3",37.0
569,-83.1,30.4,"30.4, -83.1",3.0
570,-83.0,29.7,"29.7, -83.0",4.0
571,-82.9,29.6,"29.6, -82.9",4.0
572,-82.7,29.3,"29.3, -82.7",5.0
573,-82.7,29.7,"29.7, -82.7",4.0
574,-82.6,28.7,"28.7, -82.6",7.0
575,-82.6,30.3,"30.3, -82.6",3.0
576,-82.5,28.5,"28.5, -82.5",4.0
577,-82.5,29.7,"29.7, -82.5",2.0
578,-82.4,28.4,"28.4, -82.4",10.0
579,-82.4,29.8,"29.8, -82.4",2.0
580,-82.3,26.8,"26.8, -82.3",34.0
581,-82.3,29.1,"29.1, -82.3",2.0
582,-82.3,29.4,"29.4, -82.3",2.0
583,-82.2,26.9,"26.9, -82.2",34.0
584,-82.2,28.8,"28.8, -82.2",7.0
585,-82.2,29.2,"29.2, -82.2",2.0
586,-82.2,30.0,"30.0, -82.2",4.0
587,-82.1,28.1,"28.1, -82.1",11.0
588,-82.1,28.3,"28.3, -82.1",10.0
589,-82.1,29.2,"29.2, -82.1",2.0
590,-82.1,29.4,"29.4, -82.1",2.0
591,-82.1,30.4,"30.4, -82.1",2.0
592,-82.0,27.9,"27.9, -82.0",3.0
593,-82.0,28.2,"28.2, -82.0",3.0
594,-82.0,30.8,"30.8, -82.0",29.0
595,-81.9,28.6,"28.6, -81.9",2.0
596,-81.9,28.8,"28.8, -81.9",2.0
597,-81.9,29.0,"29.0, -81.9",2.0
598,-81.8,26.6,"26.6, -81.8",34.0
599,-81.8,28.6,"28.6, -81.8",2.0
600,-81.8,28.7,"28.7, -81.8",2.0
601,-81.8,28.8,"28.8, -81.8",2.0
602,-81.8,30.5,"30.5, -81.8",8.0
603,-81.8,30.6,"30.6, -81.8",29.0
604,-81.7,26.6,"26.6, -81.7",34.0
605,-81.7,27.9,"27.9, -81.7",3.0
606,-81.7,28.5,"28.5, -81.7",2.0
607,-81.7,29.6,"29.6, -81.7",4.0
608,-81.7,29.8,"29.8, -81.7",4.0
609,-81.7,30.0,"30.0, -81.7",7.0
610,-81.6,26.7,"26.7, -81.6",34.0
611,-81.6,28.0,"28.0, -81.6",3.0
612,-81.6,28.1,"28.1, -81.6",3.0
613,-81.6,29.1,"29.1, -81.6",2.0
614,-81.6,29.3,"29.3, -81.6",18.0
615,-81.6,30.6,"30.6, -81.6",29.0
616,-81.5,27.7,"27.7, -81.5",3.0
617,-81.5,27.8,"27.8, -81.5",3.0
618,-81.5,28.2,"28.2, -81.5",6.0
619,-81.5,28.9,"28.9, -81.5",2.0
620,-81.5,29.0,"29.0, -81.5",2.0
621,-81.5,29.1,"29.1, -81.5",2.0
622,-81.4,27.3,"27.3, -81.4",2.0
623,-81.4,27.8,"27.8, -81.4",3.0
624,-81.4,27.9,"27.9, -81.4",3.0
625,-81.4,28.1,"28.1, -81.4",6.0
626,-81.4,28.2,"28.2, -81.4",6.0
627,-81.4,28.4,"28.4, -81.4",3.0
628,-81.4,28.9,"28.9, -81.4",2.0
629,-81.4,30.4,"30.4, -81.4",8.0
630,-81.3,27.1,"27.1, -81.3",2.0
631,-81.3,27.4,"27.4, -81.3",2.0
632,-81.3,29.2,"29.2, -81.3",18.0
633,-81.3,29.5,"29.5, -81.3",22.0
634,-81.2,27.8,"27.8, -81.2",3.0
635,-81.2,28.3,"28.3, -81.2",6.0
636,-81.2,29.0,"29.0, -81.2",18.0
637,-81.2,29.3,"29.3, -81.2",22.0
638,-81.1,28.1,"28.1, -81.1",6.0
639,-81.1,28.5,"28.5, -81.1",3.0
640,-81.1,28.6,"28.6, -81.1",4.0
641,-81.1,28.8,"28.8, -81.1",18.0
642,-81.1,28.9,"28.9, -81.1",18.0
643,-81.0,27.3,"27.3, -81.0",9.0
644,-81.0,28.7,"28.7, -81.0",4.0
645,-81.0,28.8,"28.8, -81.0",18.0
646,-80.9,27.1,"27.1, -80.9",4.0
647,-80.9,27.2,"27.2, -80.9",9.0
648,-80.9,27.4,"27.4, -80.9",9.0
649,-80.9,27.7,"27.7, -80.9",27.0
650,-80.9,28.6,"28.6, -80.9",18.0
651,-80.8,27.3,"27.3, -80.8",9.0
652,-80.8,27.5,"27.5, -80.8",9.0
653,-80.8,27.6,"27.6, -80.8",27.0
654,-80.8,27.7,"27.7, -80.8",27.0
655,-80.8,28.3,"28.3, -80.8",18.0
656,-80.7,26.7,"26.7, -80.7",22.0
657,-80.7,26.8,"26.8, -80.7",22.0
658,-80.7,27.2,"27.2, -80.7",9.0
659,-80.7,27.3,"27.3, -80.7",9.0
660,-80.7,27.4,"27.4, -80.7",9.0
661,-80.7,27.9,"27.9, -80.7",18.0
662,-80.6,27.1,"27.1, -80.6",21.0
663,-80.6,27.2,"27.2, -80.6",9.0
664,-80.6,27.3,"27.3, -80.6",
665,-80.6,27.8,"27.8, -80.6",18.0
666,-80.6,27.9,"27.9, -80.6",18.0
667,-80.5,27.2,"27.2, -80.5",
668,-80.5,28.1,"28.1, -80.5",18.0
669,-80.4,26.8,"26.8, -80.4",22.0
670,-80.4,27.0,"27.0, -80.4",21.0
671,-80.4,27.2,"27.2, -80.4",
672,-80.3,26.8,"26.8, -80.3",22.0
673,-80.3,26.9,"26.9, -80.3",22.0
674,-86.1,30.7,"30.7, -86.1",37.0
675,-85.0,29.6,"29.6, -85.0",33.0
676,-84.8,29.8,"29.8, -84.8",33.0
677,-84.7,30.6,"30.6, -84.7",1.0
678,-84.5,30.0,"30.0, -84.5",33.0
679,-83.9,30.1,"30.1, -83.9",5.0
680,-83.3,30.2,"30.2, -83.3",4.0
681,-82.6,29.6,"29.6, -82.6",2.0
682,-82.5,29.6,"29.6, -82.5",2.0
683,-82.3,28.5,"28.5, -82.3",4.0
684,-82.0,29.5,"29.5, -82.0",4.0
685,-81.9,26.8,"26.8, -81.9",34.0
686,-81.8,29.4,"29.4, -81.8",2.0
687,-81.7,29.4,"29.4, -81.7",4.0
688,-81.6,25.9,"25.9, -81.6",47.0
689,-81.6,27.8,"27.8, -81.6",3.0
690,-81.6,27.9,"27.9, -81.6",3.0
691,-81.5,27.9,"27.9, -81.5",3.0
692,-81.5,29.3,"29.3, -81.5",18.0
693,-81.2,26.7,"26.7, -81.2",10.0
694,-81.0,26.7,"26.7, -81.0",10.0
695,-80.8,27.4,"27.4, -80.8",9.0
696,-80.3,25.3,"25.3, -80.3",57.0
697,-81.3,27.0,"27.0, -81.3",4.0
698,-82.3,27.7,"27.7, -82.3",11.0
699,-82.1,29.7,"29.7, -82.1",2.0
700,-81.6,28.2,"28.2, -81.6",3.0
701,-81.5,29.7,"29.7, -81.5",4.0
702,-85.4,30.9,"30.9, -85.4",1.0
703,-84.7,30.2,"30.2, -84.7",1.0
704,-84.7,30.3,"30.3, -84.7",1.0
705,-84.7,30.4,"30.4, -84.7",1.0
706,-84.5,30.5,"30.5, -84.5",1.0
707,-84.5,30.6,"30.6, -84.5",1.0
708,-84.4,30.4,"30.4, -84.4",3.0
709,-84.4,30.5,"30.5, -84.4",3.0
710,-84.2,30.6,"30.6, -84.2",3.0
711,-84.1,30.4,"30.4, -84.1",3.0
712,-84.0,30.5,"30.5, -84.0",3.0
713,-82.7,30.3,"30.3, -82.7",3.0
714,-82.3,29.2,"29.2, -82.3",2.0
715,-82.2,30.4,"30.4, -82.2",2.0
716,-82.0,29.6,"29.6, -82.0",4.0
717,-82.0,30.3,"30.3, -82.0",8.0
718,-81.9,30.2,"30.2, -81.9",7.0
719,-81.8,28.9,"28.9, -81.8",2.0
720,-81.8,30.0,"30.0, -81.8",7.0
721,-81.7,30.5,"30.5, -81.7",8.0
722,-81.6,28.8,"28.8, -81.6",2.0
723,-81.4,28.8,"28.8, -81.4",4.0
724,-81.4,30.0,"30.0, -81.4",
725,-81.3,26.9,"26.9, -81.3",4.0
726,-81.1,26.7,"26.7, -81.1",10.0
727,-81.1,26.8,"26.8, -81.1",10.0
728,-81.0,27.2,"27.2, -81.0",4.0
729,-81.0,27.4,"27.4, -81.0",9.0
730,-81.0,28.6,"28.6, -81.0",3.0
731,-80.8,28.7,"28.7, -80.8",18.0
732,-80.6,26.7,"26.7, -80.6",22.0
733,-80.5,27.5,"27.5, -80.5",27.0
734,-87.2,31.0,"31.0, -87.2",14.0
735,-86.7,30.9,"30.9, -86.7",21.0
736,-86.3,30.9,"30.9, -86.3",37.0
737,-85.9,30.8,"30.8, -85.9",1.0
738,-85.1,30.3,"30.3, -85.1",2.0
739,-85.0,30.6,"30.6, -85.0",2.0
740,-84.6,30.0,"30.0, -84.6",33.0
741,-84.5,30.4,"30.4, -84.5",3.0
742,-83.4,30.6,"30.6, -83.4",1.0
743,-83.2,30.3,"30.3, -83.2",3.0
744,-83.2,30.5,"30.5, -83.2",1.0
745,-83.1,30.5,"30.5, -83.1",1.0
746,-82.1,29.6,"29.6, -82.1",2.0
747,-81.9,29.6,"29.6, -81.9",4.0
748,-81.8,29.6,"29.6, -81.8",4.0
749,-81.8,29.7,"29.7, -81.8",4.0
750,-81.4,29.5,"29.5, -81.4",22.0
751,-81.3,28.4,"28.4, -81.3",3.0
752,-82.9,29.3,"29.3, -82.9",5.0
753,-82.1,29.1,"29.1, -82.1",2.0
754,-81.9,28.9,"28.9, -81.9",2.0
755,-81.3,27.8,"27.8, -81.3",3.0
756,-80.9,28.7,"28.7, -80.9",18.0
757,-83.0,30.2,"30.2, -83.0",3.0
758,-82.8,30.1,"30.1, -82.8",3.0
759,-82.8,30.2,"30.2, -82.8",3.0
760,-82.6,29.9,"29.9, -82.6",3.0
761,-82.6,30.0,"30.0, -82.6",3.0
762,-82.5,28.4,"28.4, -82.5",10.0
763,-82.5,28.6,"28.6, -82.5",4.0
764,-82.5,28.9,"28.9, -82.5",7.0
765,-82.5,29.1,"29.1, -82.5",2.0
766,-82.3,28.3,"28.3, -82.3",10.0
767,-82.2,30.2,"30.2, -82.2",2.0
768,-82.1,30.1,"30.1, -82.1",4.0
769,-81.9,28.3,"28.3, -81.9",3.0
770,-81.9,30.4,"30.4, -81.9",8.0
771,-80.4,26.7,"26.7, -80.4",22.0
772,-80.3,26.4,"26.4, -80.3",22.0
773,-87.1,30.7,"30.7, -87.1",20.0
774,-85.4,30.3,"30.3, -85.4",33.0
775,-85.3,30.8,"30.8, -85.3",1.0
776,-82.1,29.0,"29.0, -82.1",2.0
777,-81.4,29.8,"29.8, -81.4",
778,-83.3,29.7,"29.7, -83.3",5.0
779,-82.5,28.3,"28.3, -82.5",10.0
780,-82.3,29.5,"29.5, -82.3",2.0
781,-83.1,30.0,"30.0, -83.1",4.0
782,-83.0,29.8,"29.8, -83.0",5.0
783,-82.7,28.9,"28.9, -82.7",7.0
784,-82.7,29.1,"29.1, -82.7",5.0
785,-82.6,28.6,"28.6, -82.6",4.0
786,-81.9,30.6,"30.6, -81.9",29.0
787,-81.9,30.7,"30.7, -81.9",29.0
788,-81.8,28.2,"28.2, -81.8",3.0
789,-81.6,29.7,"29.7, -81.6",4.0
790,-81.5,29.8,"29.8, -81.5",
791,-81.2,29.2,"29.2, -81.2",18.0
792,-82.5,29.9,"29.9, -82.5",2.0
793,-82.3,27.4,"27.4, -82.3",20.0
794,-82.3,29.3,"29.3, -82.3",2.0
795,-82.3,29.6,"29.6, -82.3",2.0
796,-82.3,29.9,"29.9, -82.3",4.0
797,-82.2,27.8,"27.8, -82.2",11.0
798,-82.2,28.1,"28.1, -82.2",11.0
799,-82.2,29.7,"29.7, -82.2",2.0
800,-82.1,28.8,"28.8, -82.1",5.0
801,-82.1,30.2,"30.2, -82.1",2.0
802,-82.0,28.8,"28.8, -82.0",5.0
803,-82.0,29.0,"29.0, -82.0",2.0
804,-81.9,27.0,"27.0, -81.9",34.0
805,-81.9,27.1,"27.1, -81.9",
806,-81.9,28.7,"28.7, -81.9",2.0
807,-81.8,27.2,"27.2, -81.8",
808,-81.8,27.3,"27.3, -81.8",
809,-81.8,28.3,"28.3, -81.8",3.0
810,-81.7,26.4,"26.4, -81.7",34.0
811,-81.7,26.5,"26.5, -81.7",34.0
812,-81.7,28.3,"28.3, -81.7",3.0
813,-81.7,28.4,"28.4, -81.7",2.0
814,-81.7,28.6,"28.6, -81.7",2.0
815,-81.7,29.7,"29.7, -81.7",4.0
816,-81.7,29.9,"29.9, -81.7",7.0
817,-81.7,30.6,"30.6, -81.7",29.0
818,-81.6,26.0,"26.0, -81.6",47.0
819,-81.6,26.2,"26.2, -81.6",47.0
820,-81.6,26.3,"26.3, -81.6",47.0
821,-81.6,26.6,"26.6, -81.6",34.0
822,-81.6,28.4,"28.4, -81.6",3.0
823,-81.5,25.9,"25.9, -81.5",47.0
824,-81.5,26.0,"26.0, -81.5",47.0
825,-81.5,26.3,"26.3, -81.5",47.0
826,-81.5,26.4,"26.4, -81.5",47.0
827,-81.5,26.8,"26.8, -81.5",10.0
828,-81.5,27.4,"27.4, -81.5",2.0
829,-81.5,29.9,"29.9, -81.5",
830,-81.5,30.1,"30.1, -81.5",
831,-81.4,26.3,"26.3, -81.4",47.0
832,-81.4,26.4,"26.4, -81.4",47.0
833,-81.4,26.5,"26.5, -81.4",47.0
834,-81.4,27.1,"27.1, -81.4",2.0
835,-81.4,27.4,"27.4, -81.4",2.0
836,-81.4,27.5,"27.5, -81.4",2.0
837,-81.2,28.2,"28.2, -81.2",6.0
838,-81.2,29.1,"29.1, -81.2",18.0
839,-81.1,26.6,"26.6, -81.1",10.0
840,-80.9,28.4,"28.4, -80.9",18.0
841,-80.9,28.5,"28.5, -80.9",18.0
842,-80.8,28.2,"28.2, -80.8",18.0
843,-80.5,27.4,"27.4, -80.5",
844,-80.3,25.2,"25.2, -80.3",57.0
845,-85.6,30.5,"30.5, -85.6",1.0
846,-85.5,30.0,"30.0, -85.5",33.0
847,-85.5,30.2,"30.2, -85.5",33.0
848,-85.4,30.6,"30.6, -85.4",1.0
849,-85.3,30.6,"30.6, -85.3",1.0
850,-85.3,30.7,"30.7, -85.3",1.0
851,-85.2,29.9,"29.9, -85.2",16.0
852,-85.1,30.8,"30.8, -85.1",1.0
853,-84.9,30.9,"30.9, -84.9",1.0
854,-84.6,30.4,"30.4, -84.6",3.0
855,-81.3,27.2,"27.2, -81.3",2.0
856,-85.7,30.5,"30.5, -85.7",1.0
857,-80.2,25.4,"25.4, -80.2",34.0
858,-80.2,25.5,"25.5, -80.2",34.0
859,-82.4,30.2,"30.2, -82.4",1.0
860,-82.4,30.3,"30.3, -82.4",2.0
861,-82.4,30.4,"30.4, -82.4",2.0
862,-82.4,30.5,"30.5, -82.4",2.0
863,-82.3,30.2,"30.2, -82.3",1.0
864,-82.3,30.3,"30.3, -82.3",2.0
865,-82.3,30.4,"30.4, -82.3",2.0
866,-82.3,30.5,"30.5, -82.3",2.0
867,-84.0,30.2,"30.2, -84.0",1.0
868,-84.0,30.3,"30.3, -84.0",1.0
869,-84.0,30.4,"30.4, -84.0",1.0
870,-83.9,30.2,"30.2, -83.9",5.0
871,-83.9,30.3,"30.3, -83.9",1.0
872,-83.9,30.4,"30.4, -83.9",1.0
873,-83.8,30.1,"30.1, -83.8",5.0
874,-83.8,30.2,"30.2, -83.8",5.0
875,-83.8,30.3,"30.3, -83.8",5.0
876,-83.8,30.4,"30.4, -83.8",1.0
877,-82.2,29.1,"29.1, -82.2",2.0
878,-81.4,27.7,"27.7, -81.4",3.0
879,-81.4,28.0,"28.0, -81.4",3.0
880,-81.3,27.7,"27.7, -81.3",3.0
881,-81.3,27.9,"27.9, -81.3",3.0
882,-81.3,28.0,"28.0, -81.3",3.0
883,-81.3,28.1,"28.1, -81.3",6.0
884,-81.2,27.7,"27.7, -81.2",2.0
885,-81.2,27.9,"27.9, -81.2",6.0
886,-81.2,28.0,"28.0, -81.2",6.0
887,-81.2,28.1,"28.1, -81.2",6.0
888,-81.1,27.7,"27.7, -81.1",2.0
889,-81.1,27.8,"27.8, -81.1",6.0
890,-81.1,27.9,"27.9, -81.1",6.0
891,-81.1,28.0,"28.0, -81.1",6.0
892,-81.1,28.2,"28.2, -81.1",6.0
893,-81.1,28.3,"28.3, -81.1",6.0
894,-81.0,27.7,"27.7, -81.0",9.0
895,-81.0,27.8,"27.8, -81.0",6.0
896,-81.0,28.0,"28.0, -81.0",6.0
897,-81.0,28.1,"28.1, -81.0",6.0
898,-81.0,28.2,"28.2, -81.0",6.0
899,-81.0,28.3,"28.3, -81.0",3.0
900,-80.9,27.8,"27.8, -80.9",27.0
901,-80.9,27.9,"27.9, -80.9",18.0
902,-80.9,28.0,"28.0, -80.9",18.0
903,-80.9,28.1,"28.1, -80.9",18.0
904,-80.9,28.2,"28.2, -80.9",18.0
905,-80.9,28.3,"28.3, -80.9",18.0
906,-81.1,28.4,"28.4, -81.1",3.0
907,-81.0,28.4,"28.4, -81.0",3.0
908,-82.1,27.7,"27.7, -82.1",11.0
909,-82.1,27.8,"27.8, -82.1",11.0
910,-82.5,30.1,"30.1, -82.5",3.0
911,-82.7,30.4,"30.4, -82.7",1.0
912,-82.7,30.5,"30.5, -82.7",1.0
913,-82.6,30.4,"30.4, -82.6",3.0
914,-82.6,30.5,"30.5, -82.6",3.0
915,-82.5,30.2,"30.2, -82.5",3.0
916,-82.5,30.3,"30.3, -82.5",3.0
917,-82.5,30.4,"30.4, -82.5",3.0
918,-82.5,30.5,"30.5, -82.5",3.0
919,-82.0,30.1,"30.1, -82.0",7.0
920,-82.0,27.5,"27.5, -82.0",1.0
921,-81.9,27.4,"27.4, -81.9",1.0
922,-82.0,27.6,"27.6, -82.0",1.0
923,-81.9,27.6,"27.6, -81.9",1.0
924,-82.2,24.6,"24.6, -82.2",57.0
925,-82.1,24.6,"24.6, -82.1",57.0
926,-82.0,24.5,"24.5, -82.0",57.0
927,-82.0,24.6,"24.6, -82.0",57.0
928,-81.9,24.5,"24.5, -81.9",57.0
929,-81.9,24.6,"24.6, -81.9",57.0
930,-81.7,24.5,"24.5, -81.7",57.0
931,-81.7,24.7,"24.7, -81.7",57.0
932,-81.7,25.8,"25.8, -81.7",47.0
933,-81.6,24.5,"24.5, -81.6",57.0
934,-81.6,24.7,"24.7, -81.6",57.0
935,-81.6,24.8,"24.8, -81.6",57.0
936,-81.6,25.8,"25.8, -81.6",47.0
937,-81.5,24.8,"24.8, -81.5",57.0
938,-81.5,25.8,"25.8, -81.5",47.0
939,-81.4,24.8,"24.8, -81.4",57.0
940,-81.4,25.7,"25.7, -81.4",47.0
941,-81.3,25.6,"25.6, -81.3",57.0
942,-81.3,25.7,"25.7, -81.3",47.0
943,-81.3,25.8,"25.8, -81.3",47.0
944,-81.2,25.2,"25.2, -81.2",57.0
945,-81.2,25.3,"25.3, -81.2",57.0
946,-81.2,25.4,"25.4, -81.2",57.0
947,-81.2,25.5,"25.5, -81.2",57.0
948,-81.2,25.6,"25.6, -81.2",57.0
949,-81.2,25.7,"25.7, -81.2",47.0
950,-81.2,25.8,"25.8, -81.2",47.0
951,-81.1,24.8,"24.8, -81.1",57.0
952,-81.1,25.2,"25.2, -81.1",57.0
953,-81.1,25.3,"25.3, -81.1",57.0
954,-81.1,25.4,"25.4, -81.1",57.0
955,-81.1,25.5,"25.5, -81.1",57.0
956,-81.1,25.6,"25.6, -81.1",57.0
957,-81.1,25.7,"25.7, -81.1",47.0
958,-81.1,25.8,"25.8, -81.1",47.0
959,-81.0,25.0,"25.0, -81.0",57.0
960,-81.0,25.1,"25.1, -81.0",57.0
961,-81.0,25.2,"25.2, -81.0",57.0
962,-81.0,25.3,"25.3, -81.0",57.0
963,-81.0,25.4,"25.4, -81.0",57.0
964,-81.0,25.5,"25.5, -81.0",57.0
965,-81.0,25.6,"25.6, -81.0",57.0
966,-81.0,25.7,"25.7, -81.0",34.0
967,-81.0,25.8,"25.8, -81.0",47.0
968,-80.9,24.9,"24.9, -80.9",57.0
969,-80.9,25.0,"25.0, -80.9",57.0
970,-80.9,25.1,"25.1, -80.9",57.0
971,-80.9,25.2,"25.2, -80.9",57.0
972,-80.9,25.3,"25.3, -80.9",57.0
973,-80.9,25.4,"25.4, -80.9",57.0
974,-80.9,25.5,"25.5, -80.9",57.0
975,-80.9,25.6,"25.6, -80.9",34.0
976,-80.9,25.7,"25.7, -80.9",34.0
977,-80.9,25.8,"25.8, -80.9",34.0
978,-80.8,24.9,"24.9, -80.8",57.0
979,-80.8,25.0,"25.0, -80.8",57.0
980,-80.8,25.1,"25.1, -80.8",34.0
981,-80.8,25.2,"25.2, -80.8",34.0
982,-80.8,25.3,"25.3, -80.8",34.0
983,-80.8,25.4,"25.4, -80.8",57.0
984,-80.8,25.5,"25.5, -80.8",57.0
985,-80.8,25.6,"25.6, -80.8",34.0
986,-80.8,25.7,"25.7, -80.8",34.0
987,-80.8,25.8,"25.8, -80.8",34.0
988,-80.7,25.0,"25.0, -80.7",57.0
989,-80.7,25.1,"25.1, -80.7",34.0
990,-80.7,25.2,"25.2, -80.7",34.0
991,-80.7,25.3,"25.3, -80.7",34.0
992,-80.7,25.4,"25.4, -80.7",34.0
993,-80.7,25.5,"25.5, -80.7",34.0
994,-80.7,25.6,"25.6, -80.7",34.0
995,-80.7,25.7,"25.7, -80.7",34.0
996,-80.7,25.8,"25.8, -80.7",34.0
997,-80.6,25.1,"25.1, -80.6",57.0
998,-80.6,25.2,"25.2, -80.6",34.0
999,-80.6,25.3,"25.3, -80.6",34.0
1000,-80.6,25.4,"25.4, -80.6",34.0
1001,-80.6,25.6,"25.6, -80.6",34.0
1002,-80.6,25.7,"25.7, -80.6",34.0
1003,-80.6,25.8,"25.8, -80.6",34.0
1004,-80.5,25.2,"25.2, -80.5",57.0
1005,-80.5,25.3,"25.3, -80.5",34.0
1006,-80.5,25.8,"25.8, -80.5",34.0
1007,-80.4,25.3,"25.3, -80.4",57.0
1008,-80.4,25.4,"25.4, -80.4",34.0
1009,-80.3,25.4,"25.4, -80.3",34.0
1010,-80.3,25.5,"25.5, -80.3",34.0
1011,-80.2,25.3,"25.3, -80.2",57.0
1012,-83.1,30.2,"30.2, -83.1",3.0
1013,-86.5,30.9,"30.9, -86.5",21.0
1014,-86.4,30.7,"30.7, -86.4",21.0
1015,-82.2,27.4,"27.4, -82.2",20.0
1016,-82.1,27.3,"27.3, -82.1",20.0
1017,-80.7,28.6,"28.6, -80.7",18.0
1018,-80.7,28.7,"28.7, -80.7",18.0
1019,-80.6,28.5,"28.5, -80.6",18.0
1020,-80.6,28.6,"28.6, -80.6",18.0
1021,-80.6,28.7,"28.7, -80.6",18.0
1022,-80.5,28.5,"28.5, -80.5",18.0
1023,-82.7,27.6,"27.6, -82.7",11.0
1024,-81.6,28.7,"28.7, -81.6",3.0
1025,-83.7,30.0,"30.0, -83.7",5.0
1026,-83.7,30.1,"30.1, -83.7",5.0
1027,-83.6,29.7,"29.7, -83.6",5.0
1028,-83.6,29.9,"29.9, -83.6",5.0
1029,-83.6,30.0,"30.0, -83.6",5.0
1030,-83.5,29.7,"29.7, -83.5",5.0
1031,-83.5,29.8,"29.8, -83.5",5.0
1032,-83.5,29.9,"29.9, -83.5",5.0
1033,-83.5,30.0,"30.0, -83.5",5.0
1034,-83.5,30.1,"30.1, -83.5",5.0
1035,-83.4,29.8,"29.8, -83.4",5.0
1036,-83.4,29.9,"29.9, -83.4",5.0
1037,-83.4,30.0,"30.0, -83.4",5.0
1038,-83.4,30.1,"30.1, -83.4",4.0
1039,-83.6,30.3,"30.3, -83.6",5.0
1040,-83.5,30.2,"30.2, -83.5",5.0
1041,-83.5,30.3,"30.3, -83.5",5.0
1042,-83.4,30.2,"30.2, -83.4",5.0
1043,-83.4,30.3,"30.3, -83.4",1.0
1044,-81.0,28.5,"28.5, -81.0",3.0
1045,-82.9,27.9,"27.9, -82.9",25.0
1046,-82.1,29.3,"29.3, -82.1",2.0
1047,-82.0,29.2,"29.2, -82.0",2.0
1048,-82.0,29.3,"29.3, -82.0",2.0
1049,-82.4,29.2,"29.2, -82.4",2.0
1050,-82.5,29.2,"29.2, -82.5",2.0
1051,-84.1,30.3,"30.3, -84.1",3.0
1052,-84.1,30.6,"30.6, -84.1",3.0
1053,-84.0,30.6,"30.6, -84.0",3.0
1054,-81.5,29.5,"29.5, -81.5",4.0
1055,-81.5,29.6,"29.6, -81.5",4.0
1056,-81.4,29.6,"29.6, -81.4",
1057,-81.3,29.3,"29.3, -81.3",18.0
1058,-81.3,29.4,"29.4, -81.3",22.0
1059,-85.8,30.3,"30.3, -85.8",33.0
1060,-85.8,30.4,"30.4, -85.8",33.0
1061,-85.7,30.4,"30.4, -85.7",33.0
1062,-85.6,30.4,"30.4, -85.6",1.0
1063,-81.9,26.9,"26.9, -81.9",34.0
1064,-81.8,26.9,"26.9, -81.8",34.0
1065,-81.8,27.0,"27.0, -81.8",
1066,-81.7,26.8,"26.8, -81.7",34.0
1067,-81.7,26.9,"26.9, -81.7",34.0
1068,-81.7,27.0,"27.0, -81.7",
1069,-81.6,26.8,"26.8, -81.6",34.0
1070,-81.6,26.9,"26.9, -81.6",34.0
1071,-81.6,27.0,"27.0, -81.6",
1072,-80.8,26.0,"26.0, -80.8",47.0
1073,-80.8,26.1,"26.1, -80.8",26.0
1074,-80.8,26.2,"26.2, -80.8",26.0
1075,-80.8,26.3,"26.3, -80.8",26.0
1076,-80.7,26.0,"26.0, -80.7",26.0
1077,-80.7,26.1,"26.1, -80.7",26.0
1078,-80.7,26.2,"26.2, -80.7",26.0
1079,-80.7,26.3,"26.3, -80.7",26.0
1080,-80.6,26.0,"26.0, -80.6",26.0
1081,-80.6,26.1,"26.1, -80.6",26.0
1082,-80.6,26.2,"26.2, -80.6",26.0
1083,-80.6,26.3,"26.3, -80.6",26.0
1084,-80.5,26.0,"26.0, -80.5",26.0
1085,-80.5,26.1,"26.1, -80.5",26.0
1086,-80.5,26.2,"26.2, -80.5",26.0
1087,-80.5,26.3,"26.3, -80.5",26.0
1088,-80.4,26.2,"26.2, -80.4",26.0
1089,-80.4,26.3,"26.3, -80.4",26.0
1090,-83.3,29.9,"29.9, -83.3",4.0
1091,-83.3,30.0,"30.0, -83.3",4.0
1092,-83.3,30.1,"30.1, -83.3",4.0
1093,-83.2,29.9,"29.9, -83.2",4.0
1094,-83.1,29.9,"29.9, -83.1",4.0
1095,-83.0,29.9,"29.9, -83.0",3.0
1096,-83.0,30.1,"30.1, -83.0",3.0
1097,-82.9,30.1,"30.1, -82.9",3.0
1098,-82.2,29.5,"29.5, -82.2",2.0
1099,-82.2,29.6,"29.6, -82.2",2.0
1100,-82.1,29.5,"29.5, -82.1",2.0
1101,-82.6,29.7,"29.7, -82.6",2.0
1102,-81.2,27.5,"27.5, -81.2",2.0
1103,-81.2,27.6,"27.6, -81.2",2.0
1104,-81.1,27.4,"27.4, -81.1",2.0
1105,-81.1,27.5,"27.5, -81.1",9.0
1106,-81.1,27.6,"27.6, -81.1",9.0
1107,-81.0,27.5,"27.5, -81.0",9.0
1108,-81.0,27.6,"27.6, -81.0",9.0
1109,-80.9,27.5,"27.5, -80.9",9.0
1110,-80.9,27.6,"27.6, -80.9",9.0
1111,-80.7,27.5,"27.5, -80.7",9.0
1112,-82.5,29.8,"29.8, -82.5",2.0
1113,-82.5,29.5,"29.5, -82.5",2.0
1114,-82.4,29.5,"29.5, -82.4",2.0
1115,-80.8,27.8,"27.8, -80.8",27.0
1116,-80.7,27.6,"27.6, -80.7",27.0
1117,-80.7,27.7,"27.7, -80.7",27.0
1118,-80.7,27.8,"27.8, -80.7",27.0
1119,-80.6,27.6,"27.6, -80.6",27.0
1120,-80.6,27.7,"27.7, -80.6",27.0
1121,-80.8,26.4,"26.4, -80.8",26.0
1122,-80.8,26.5,"26.5, -80.8",22.0
1123,-80.8,26.6,"26.6, -80.8",22.0
1124,-80.8,26.7,"26.7, -80.8",22.0
1125,-80.7,26.4,"26.4, -80.7",26.0
1126,-80.7,26.5,"26.5, -80.7",22.0
1127,-80.7,26.6,"26.6, -80.7",22.0
1128,-80.6,26.4,"26.4, -80.6",26.0
1129,-80.6,26.5,"26.5, -80.6",22.0
1130,-80.6,26.6,"26.6, -80.6",22.0
1131,-80.6,26.8,"26.8, -80.6",22.0
1132,-80.6,26.9,"26.9, -80.6",22.0
1133,-80.5,26.4,"26.4, -80.5",26.0
1134,-80.5,26.5,"26.5, -80.5",22.0
1135,-80.5,26.6,"26.6, -80.5",22.0
1136,-80.5,26.7,"26.7, -80.5",22.0
1137,-80.5,26.8,"26.8, -80.5",22.0
1138,-80.5,26.9,"26.9, -80.5",22.0
1139,-80.4,26.4,"26.4, -80.4",22.0
1140,-80.4,26.5,"26.5, -80.4",22.0
1141,-80.4,26.6,"26.6, -80.4",22.0
1142,-80.4,26.9,"26.9, -80.4",22.0
1143,-80.3,26.5,"26.5, -80.3",22.0
1144,-82.0,28.7,"28.7, -82.0",5.0
1145,-85.4,30.7,"30.7, -85.4",1.0
1146,-85.2,30.6,"30.6, -85.2",1.0
1147,-85.1,30.7,"30.7, -85.1",1.0
1148,-85.0,30.8,"30.8, -85.0",1.0
1149,-81.8,30.7,"30.7, -81.8",29.0
1150,-81.7,30.7,"30.7, -81.7",29.0
1151,-81.6,30.7,"30.7, -81.6",29.0
1152,-82.0,30.6,"30.6, -82.0",29.0
1153,-81.9,30.8,"30.8, -81.9",29.0
1154,-82.9,24.6,"24.6, -82.9",57.0
1155,-82.9,24.7,"24.7, -82.9",57.0
1156,-82.8,24.7,"24.7, -82.8",57.0
1157,-81.7,27.3,"27.3, -81.7",
1158,-81.6,27.3,"27.3, -81.6",
1159,-82.1,28.4,"28.4, -82.1",10.0
1160,-81.3,30.1,"30.1, -81.3",
1161,-83.9,30.5,"30.5, -83.9",1.0
1162,-83.9,30.6,"30.6, -83.9",1.0
1163,-83.8,30.5,"30.5, -83.8",1.0
1164,-83.8,30.6,"30.6, -83.8",1.0
1165,-83.7,30.5,"30.5, -83.7",1.0
1166,-83.7,30.6,"30.6, -83.7",1.0
1167,-81.4,29.1,"29.1, -81.4",18.0
1168,-81.0,28.9,"28.9, -81.0",18.0
1169,-80.8,28.8,"28.8, -80.8",18.0
1170,-80.7,28.8,"28.8, -80.7",18.0
1171,-86.2,30.9,"30.9, -86.2",37.0
1172,-86.1,30.8,"30.8, -86.1",37.0
1173,-86.1,30.9,"30.9, -86.1",37.0
1174,-81.4,27.6,"27.6, -81.4",2.0
1175,-81.3,27.6,"27.6, -81.3",2.0
1176,-81.5,27.3,"27.3, -81.5",2.0
1177,-81.5,27.1,"27.1, -81.5",2.0
1178,-81.5,27.2,"27.2, -81.5",2.0
1179,-81.4,27.2,"27.2, -81.4",2.0
1180,-81.2,27.1,"27.1, -81.2",4.0
1181,-81.2,27.2,"27.2, -81.2",2.0
1182,-87.4,30.8,"30.8, -87.4",14.0
1183,-87.4,30.9,"30.9, -87.4",14.0
1184,-87.3,30.7,"30.7, -87.3",14.0
1185,-87.3,30.8,"30.8, -87.3",14.0
1186,-81.7,28.9,"28.9, -81.7",2.0
1187,-81.6,29.0,"29.0, -81.6",2.0
1188,-81.7,28.7,"28.7, -81.7",2.0
1189,-83.7,30.2,"30.2, -83.7",5.0
1190,-83.7,30.3,"30.3, -83.7",5.0
1191,-86.3,30.6,"30.6, -86.3",37.0
1192,-86.2,30.6,"30.6, -86.2",37.0
1193,-86.2,30.7,"30.7, -86.2",37.0
1194,-86.1,30.6,"30.6, -86.1",37.0
1195,-86.0,30.6,"30.6, -86.0",37.0
1196,-85.9,30.6,"30.6, -85.9",37.0
1197,-86.0,30.5,"30.5, -86.0",37.0
1198,-82.2,28.7,"28.7, -82.2",5.0
1199,-82.1,28.2,"28.2, -82.1",10.0
1200,-82.7,29.4,"29.4, -82.7",5.0
1201,-82.7,29.5,"29.5, -82.7",5.0
1202,-82.6,29.4,"29.4, -82.6",5.0
1203,-82.6,29.5,"29.5, -82.6",5.0
1204,-83.0,29.3,"29.3, -83.0",5.0
1205,-82.9,29.4,"29.4, -82.9",5.0
1206,-81.9,29.7,"29.7, -81.9",4.0
1207,-81.9,29.5,"29.5, -81.9",4.0
1208,-81.8,29.5,"29.5, -81.8",2.0
1209,-82.3,27.5,"27.5, -82.3",20.0
1210,-82.3,27.6,"27.6, -82.3",11.0
1211,-82.2,27.5,"27.5, -82.2",20.0
1212,-82.2,27.6,"27.6, -82.2",20.0
1213,-82.1,27.5,"27.5, -82.1",20.0
1214,-82.1,27.6,"27.6, -82.1",20.0
1215,-82.3,29.8,"29.8, -82.3",2.0
1216,-82.2,29.8,"29.8, -82.2",2.0
1217,-81.9,29.8,"29.8, -81.9",7.0
1218,-81.9,29.9,"29.9, -81.9",7.0
1219,-81.8,29.8,"29.8, -81.8",4.0
1220,-81.8,29.9,"29.9, -81.8",7.0
1221,-82.0,29.8,"29.8, -82.0",7.0
1222,-80.1,25.7,"25.7, -80.1",34.0
1223,-84.7,30.0,"30.0, -84.7",33.0
1224,-84.7,30.1,"30.1, -84.7",1.0
1225,-84.6,30.1,"30.1, -84.6",11.0
1226,-84.6,30.2,"30.2, -84.6",11.0
1227,-84.6,30.3,"30.3, -84.6",3.0
1228,-84.5,30.2,"30.2, -84.5",11.0
1229,-84.5,30.3,"30.3, -84.5",3.0
1230,-84.2,30.1,"30.1, -84.2",11.0
1231,-84.1,30.2,"30.2, -84.1",11.0
1232,-85.0,29.9,"29.9, -85.0",33.0
1233,-85.0,30.0,"30.0, -85.0",33.0
1234,-84.9,29.9,"29.9, -84.9",33.0
1235,-84.9,30.0,"30.0, -84.9",33.0
1236,-84.8,29.9,"29.9, -84.8",33.0
1237,-84.8,30.0,"30.0, -84.8",33.0
1238,-84.7,29.7,"29.7, -84.7",33.0
1239,-81.8,27.7,"27.7, -81.8",3.0
1240,-81.7,27.7,"27.7, -81.7",3.0
1241,-82.2,27.7,"27.7, -82.2",11.0
1242,-82.1,26.8,"26.8, -82.1",34.0
1243,-82.2,26.8,"26.8, -82.2",34.0
1244,-85.3,30.1,"30.1, -85.3",16.0
1245,-85.3,30.2,"30.2, -85.3",16.0
1246,-85.1,30.0,"30.0, -85.1",16.0
1247,-85.1,30.2,"30.2, -85.1",1.0
1248,-85.2,29.8,"29.8, -85.2",16.0
1249,-85.1,29.7,"29.7, -85.1",33.0
1250,-85.1,29.8,"29.8, -85.1",33.0
1251,-81.1,27.0,"27.0, -81.1",4.0
1252,-80.8,25.9,"25.9, -80.8",34.0
1253,-80.7,25.9,"25.9, -80.7",34.0
1254,-80.6,25.9,"25.9, -80.6",34.0
1255,-80.5,25.9,"25.9, -80.5",34.0
1256,-83.5,30.6,"30.6, -83.5",1.0
1257,-83.7,30.4,"30.4, -83.7",1.0
1258,-83.6,30.4,"30.4, -83.6",1.0
1259,-83.6,30.5,"30.5, -83.6",1.0
1260,-83.6,30.6,"30.6, -83.6",1.0
1261,-83.5,30.4,"30.4, -83.5",1.0
1262,-83.5,30.5,"30.5, -83.5",1.0
1263,-83.4,30.4,"30.4, -83.4",1.0
1264,-83.3,30.3,"30.3, -83.3",1.0
1265,-83.3,30.5,"30.5, -83.3",1.0
1266,-87.6,30.9,"30.9, -87.6",14.0
1267,-87.5,30.8,"30.8, -87.5",14.0
1268,-87.5,30.9,"30.9, -87.5",14.0
1269,-82.8,29.0,"29.0, -82.8",7.0
1270,-82.8,29.1,"29.1, -82.8",5.0
1271,-82.6,29.1,"29.1, -82.6",5.0
1272,-82.6,29.3,"29.3, -82.6",5.0
1273,-82.5,29.3,"29.3, -82.5",5.0
1274,-82.5,29.4,"29.4, -82.5",5.0
1275,-82.8,29.4,"29.4, -82.8",5.0
1276,-82.8,29.5,"29.5, -82.8",5.0
1277,-83.1,29.4,"29.4, -83.1",5.0
1278,-82.9,29.2,"29.2, -82.9",5.0
1279,-82.8,29.2,"29.2, -82.8",5.0
1280,-82.7,29.2,"29.2, -82.7",5.0
1281,-82.6,29.2,"29.2, -82.6",5.0
1282,-81.2,27.3,"27.3, -81.2",2.0
1283,-81.1,27.3,"27.3, -81.1",2.0
1284,-81.3,27.5,"27.5, -81.3",2.0
1285,-86.6,30.9,"30.9, -86.6",21.0
1286,-86.7,30.6,"30.6, -86.7",21.0
1287,-86.6,30.6,"30.6, -86.6",21.0
1288,-86.5,30.6,"30.6, -86.5",21.0
1289,-86.4,30.6,"30.6, -86.4",21.0
1290,-82.1,27.1,"27.1, -82.1",26.0
1291,-82.3,27.2,"27.2, -82.3",26.0
1292,-82.2,27.2,"27.2, -82.2",26.0
1293,-82.1,27.2,"27.2, -82.1",
1294,-87.2,30.9,"30.9, -87.2",20.0
1295,-87.1,30.9,"30.9, -87.1",20.0
1296,-86.8,30.5,"30.5, -86.8",20.0
1297,-87.0,30.9,"30.9, -87.0",20.0
1298,-86.9,30.7,"30.7, -86.9",20.0
1299,-86.9,30.9,"30.9, -86.9",20.0
1300,-86.8,30.8,"30.8, -86.8",21.0
1301,-86.8,30.9,"30.9, -86.8",21.0
1302,-81.4,29.7,"29.7, -81.4",
1303,-81.3,29.7,"29.7, -81.3",
1304,-82.0,29.4,"29.4, -82.0",2.0
1305,-81.9,29.4,"29.4, -81.9",2.0
1306,-81.9,29.3,"29.3, -81.9",2.0
1307,-81.8,29.3,"29.3, -81.8",2.0
1308,-81.7,29.3,"29.3, -81.7",2.0
1309,-81.8,29.0,"29.0, -81.8",2.0
1310,-81.8,29.1,"29.1, -81.8",2.0
1311,-81.7,29.0,"29.0, -81.7",2.0
1312,-81.7,29.1,"29.1, -81.7",2.0
1313,-82.0,29.1,"29.1, -82.0",2.0
1314,-82.2,29.0,"29.0, -82.2",2.0
1315,-82.2,29.3,"29.3, -82.2",2.0
1316,-81.6,26.4,"26.4, -81.6",34.0
1317,-81.4,26.2,"26.2, -81.4",47.0
1318,-81.3,26.2,"26.2, -81.3",47.0
1319,-81.3,26.3,"26.3, -81.3",47.0
1320,-81.3,26.4,"26.4, -81.3",47.0
1321,-81.2,26.2,"26.2, -81.2",47.0
1322,-81.2,26.3,"26.3, -81.2",47.0
1323,-81.2,26.4,"26.4, -81.2",47.0
1324,-81.1,26.2,"26.2, -81.1",47.0
1325,-81.1,26.3,"26.3, -81.1",10.0
1326,-81.1,26.4,"26.4, -81.1",10.0
1327,-81.0,26.2,"26.2, -81.0",47.0
1328,-81.0,26.3,"26.3, -81.0",10.0
1329,-81.0,26.4,"26.4, -81.0",10.0
1330,-80.9,26.2,"26.2, -80.9",47.0
1331,-80.9,26.3,"26.3, -80.9",10.0
1332,-80.9,26.4,"26.4, -80.9",10.0
1333,-80.6,27.4,"27.4, -80.6",
1334,-80.6,27.5,"27.5, -80.6",
1335,-80.5,27.3,"27.3, -80.5",
1336,-81.8,27.8,"27.8, -81.8",3.0
1337,-81.8,26.0,"26.0, -81.8",47.0
1338,-81.6,26.1,"26.1, -81.6",47.0
1339,-81.5,26.1,"26.1, -81.5",47.0
1340,-81.5,26.5,"26.5, -81.5",47.0
1341,-85.5,30.4,"30.4, -85.5",33.0
1342,-85.5,30.5,"30.5, -85.5",1.0
1343,-85.4,30.4,"30.4, -85.4",33.0
1344,-85.4,30.5,"30.5, -85.4",33.0
1345,-85.4,30.1,"30.1, -85.4",33.0
1346,-85.4,30.2,"30.2, -85.4",33.0
1347,-85.6,30.0,"30.0, -85.6",33.0
1348,-83.3,29.6,"29.6, -83.3",5.0
1349,-83.3,29.8,"29.8, -83.3",5.0
1350,-83.2,29.7,"29.7, -83.2",5.0
1351,-83.2,29.8,"29.8, -83.2",5.0
1352,-83.1,29.7,"29.7, -83.1",5.0
1353,-83.1,29.8,"29.8, -83.1",5.0
1354,-83.2,29.4,"29.4, -83.2",5.0
1355,-83.1,29.5,"29.5, -83.1",5.0
1356,-85.2,30.9,"30.9, -85.2",1.0
1357,-85.1,30.9,"30.9, -85.1",1.0
1358,-85.0,30.9,"30.9, -85.0",1.0
1359,-84.9,30.7,"30.7, -84.9",1.0
1360,-85.4,30.8,"30.8, -85.4",1.0
1361,-85.3,30.9,"30.9, -85.3",1.0
1362,-85.6,30.9,"30.9, -85.6",1.0
1363,-85.2,31.0,"31.0, -85.2",1.0
1364,-85.1,31.0,"31.0, -85.1",1.0
1365,-82.0,29.9,"29.9, -82.0",7.0
1366,-82.0,30.0,"30.0, -82.0",7.0
1367,-82.4,29.3,"29.3, -82.4",5.0
1368,-82.4,29.4,"29.4, -82.4",5.0
1369,-82.2,29.4,"29.4, -82.2",2.0
1370,-81.9,29.2,"29.2, -81.9",2.0
1371,-81.8,29.2,"29.2, -81.8",2.0
1372,-81.7,29.2,"29.2, -81.7",2.0
1373,-82.4,29.1,"29.1, -82.4",2.0
1374,-85.6,30.7,"30.7, -85.6",1.0
1375,-85.5,30.7,"30.7, -85.5",1.0
1376,-85.6,30.8,"30.8, -85.6",1.0
1377,-85.8,30.5,"30.5, -85.8",1.0
1378,-85.6,30.6,"30.6, -85.6",1.0
1379,-81.2,26.5,"26.5, -81.2",47.0
1380,-81.2,26.6,"26.6, -81.2",10.0
1381,-81.1,26.5,"26.5, -81.1",10.0
1382,-81.0,26.5,"26.5, -81.0",10.0
1383,-81.0,26.6,"26.6, -81.0",10.0
1384,-80.9,26.5,"26.5, -80.9",10.0
1385,-80.9,26.6,"26.6, -80.9",10.0
1386,-82.1,28.5,"28.5, -82.1",4.0
1387,-82.1,28.9,"28.9, -82.1",5.0
1388,-82.0,28.4,"28.4, -82.0",5.0
1389,-82.0,28.5,"28.5, -82.0",5.0
1390,-82.5,30.0,"30.0, -82.5",1.0
1391,-82.4,30.1,"30.1, -82.4",1.0
1392,-82.3,30.1,"30.1, -82.3",1.0
1393,-82.2,30.1,"30.1, -82.2",1.0
1394,-85.8,30.9,"30.9, -85.8",1.0
1395,-85.7,30.9,"30.9, -85.7",1.0
1396,-86.0,30.8,"30.8, -86.0",1.0
1397,-81.6,27.7,"27.7, -81.6",3.0
1398,-83.2,30.6,"30.6, -83.2",1.0
1399,-82.8,30.4,"30.4, -82.8",1.0
1400,-82.8,30.5,"30.5, -82.8",1.0
1401,-83.0,30.4,"30.4, -83.0",3.0
1402,-83.0,30.6,"30.6, -83.0",1.0
1403,-82.9,30.6,"30.6, -82.9",1.0
1404,-82.8,30.6,"30.6, -82.8",1.0
1405,-82.0,27.3,"27.3, -82.0",
1406,-81.8,27.1,"27.1, -81.8",
1407,-81.7,27.1,"27.1, -81.7",
1408,-81.7,27.2,"27.2, -81.7",
1409,-81.6,27.1,"27.1, -81.6",
1410,-81.6,27.2,"27.2, -81.6",
1411,-81.6,29.2,"29.2, -81.6",18.0
1412,-81.4,29.2,"29.2, -81.4",18.0
1413,-80.8,27.9,"27.9, -80.8",18.0
1414,-80.8,28.0,"28.0, -80.8",18.0
1415,-80.8,28.1,"28.1, -80.8",18.0
1416,-81.5,28.8,"28.8, -81.5",2.0
1417,-81.8,28.4,"28.4, -81.8",2.0
1418,-81.6,28.9,"28.9, -81.6",2.0
1419,-81.9,28.4,"28.4, -81.9",2.0
1420,-81.9,28.5,"28.5, -81.9",2.0
1421,-82.9,28.2,"28.2, -82.9",10.0
1422,-82.8,29.7,"29.7, -82.8",4.0
1423,-82.8,29.8,"29.8, -82.8",4.0
1424,-82.9,30.3,"30.3, -82.9",3.0
1425,-82.8,30.0,"30.0, -82.8",3.0
1426,-85.7,30.7,"30.7, -85.7",1.0
1427,-85.5,30.6,"30.6, -85.5",1.0
1428,-82.7,28.7,"28.7, -82.7",7.0
1429,-81.7,27.6,"27.6, -81.7",1.0
1430,-81.6,27.5,"27.5, -81.6",2.0
1431,-81.6,27.6,"27.6, -81.6",2.0
1432,-81.7,27.4,"27.4, -81.7",1.0
1433,-81.6,27.4,"27.4, -81.6",2.0
1434,-81.5,26.6,"26.6, -81.5",34.0
1435,-81.4,26.6,"26.6, -81.4",10.0
1436,-81.4,26.7,"26.7, -81.4",10.0
1437,-81.3,26.5,"26.5, -81.3",47.0
1438,-81.3,26.6,"26.6, -81.3",10.0
1439,-81.3,26.7,"26.7, -81.3",10.0
1440,-82.7,29.8,"29.8, -82.7",4.0
1441,-82.7,29.6,"29.6, -82.7",4.0
1442,-81.6,26.5,"26.5, -81.6",34.0
1443,-82.0,28.3,"28.3, -82.0",3.0
1444,-81.7,28.2,"28.2, -81.7",3.0
1445,-81.5,28.0,"28.0, -81.5",3.0
1446,-85.3,30.3,"30.3, -85.3",2.0
1447,-85.3,30.4,"30.4, -85.3",2.0
1448,-85.2,30.4,"30.4, -85.2",2.0
1449,-85.0,30.2,"30.2, -85.0",1.0
1450,-85.0,30.3,"30.3, -85.0",1.0
1451,-85.0,30.5,"30.5, -85.0",2.0
1452,-85.1,30.6,"30.6, -85.1",2.0
1453,-82.0,30.4,"30.4, -82.0",29.0
1454,-82.0,30.5,"30.5, -82.0",29.0
1455,-81.9,30.5,"30.5, -81.9",29.0
1456,-80.4,27.1,"27.1, -80.4",21.0
1457,-80.3,27.0,"27.0, -80.3",22.0
1458,-80.6,27.0,"27.0, -80.6",21.0
1459,-80.5,27.0,"27.0, -80.5",21.0
1460,-80.5,27.1,"27.1, -80.5",21.0
1461,-81.4,26.0,"26.0, -81.4",47.0
1462,-81.4,26.1,"26.1, -81.4",47.0
1463,-81.3,25.9,"25.9, -81.3",47.0
1464,-81.3,26.0,"26.0, -81.3",47.0
1465,-81.3,26.1,"26.1, -81.3",47.0
1466,-81.2,25.9,"25.9, -81.2",47.0
1467,-81.2,26.0,"26.0, -81.2",47.0
1468,-81.2,26.1,"26.1, -81.2",47.0
1469,-81.1,25.9,"25.9, -81.1",47.0
1470,-81.1,26.0,"26.0, -81.1",47.0
1471,-81.1,26.1,"26.1, -81.1",47.0
1472,-81.0,25.9,"25.9, -81.0",47.0
1473,-81.0,26.0,"26.0, -81.0",47.0
1474,-81.0,26.1,"26.1, -81.0",47.0
1475,-80.9,25.9,"25.9, -80.9",47.0
1476,-80.9,26.0,"26.0, -80.9",47.0
1477,-80.9,26.1,"26.1, -80.9",47.0
1478,-84.9,30.1,"30.1, -84.9",1.0
1479,-84.9,30.2,"30.2, -84.9",1.0
1480,-84.9,30.3,"30.3, -84.9",1.0
1481,-84.9,30.4,"30.4, -84.9",1.0
1482,-84.9,30.5,"30.5, -84.9",1.0
1483,-84.8,30.1,"30.1, -84.8",1.0
1484,-84.8,30.2,"30.2, -84.8",1.0
1485,-84.8,30.3,"30.3, -84.8",1.0
1486,-84.8,30.4,"30.4, -84.8",1.0
1487,-84.8,30.5,"30.5, -84.8",1.0
1488,-84.7,30.5,"30.5, -84.7",1.0
1489,-84.6,30.5,"30.5, -84.6",1.0
1490,-85.0,30.1,"30.1, -85.0",1.0
1491,-84.9,30.6,"30.6, -84.9",1.0
1492,-84.7,30.7,"30.7, -84.7",1.0
1493,-84.4,30.6,"30.6, -84.4",1.0
1494,-82.4,28.8,"28.8, -82.4",7.0
1495,-81.5,26.9,"26.9, -81.5",4.0
1496,-81.5,27.0,"27.0, -81.5",4.0
1497,-81.4,26.8,"26.8, -81.4",10.0
1498,-81.4,26.9,"26.9, -81.4",4.0
1499,-81.4,27.0,"27.0, -81.4",4.0
1500,-81.3,26.8,"26.8, -81.3",4.0
1501,-81.2,26.8,"26.8, -81.2",4.0
1502,-81.2,26.9,"26.9, -81.2",4.0
1503,-81.2,27.0,"27.0, -81.2",4.0
1504,-81.0,26.8,"26.8, -81.0",10.0
1505,-81.1,27.1,"27.1, -81.1",4.0
1506,-81.1,27.2,"27.2, -81.1",2.0
1507,-81.0,27.1,"27.1, -81.0",4.0
1508,-82.0,27.7,"27.7, -82.0",3.0
1509,-82.0,27.8,"27.8, -82.0",3.0
1510,-81.9,27.7,"27.7, -81.9",1.0
1511,-81.9,27.8,"27.8, -81.9",3.0
1512,-82.7,30.0,"30.0, -82.7",3.0
1513,-82.7,27.5,"27.5, -82.7",20.0
1514,-87.2,30.3,"30.3, -87.2",14.0
1515,-86.2,30.3,"30.3, -86.2",37.0
1516,-85.4,29.8,"29.8, -85.4",16.0
1517,-85.3,29.7,"29.7, -85.3",16.0
1518,-85.3,29.8,"29.8, -85.3",16.0
1519,-84.4,29.9,"29.9, -84.4",33.0
1520,-84.3,30.0,"30.0, -84.3",11.0
1521,-84.0,30.1,"30.1, -84.0",1.0
1522,-83.7,29.9,"29.9, -83.7",5.0
1523,-83.3,29.4,"29.4, -83.3",5.0
1524,-83.3,29.5,"29.5, -83.3",5.0
1525,-83.0,29.1,"29.1, -83.0",5.0
1526,-83.0,29.2,"29.2, -83.0",5.0
1527,-82.6,27.7,"27.7, -82.6",25.0
1528,-80.9,26.8,"26.8, -80.9",10.0
1529,-81.3,30.0,"30.0, -81.3",
1530,-80.9,29.1,"29.1, -80.9",18.0
1531,-80.1,27.1,"27.1, -80.1",21.0
1532,-85.4,29.7,"29.7, -85.4",16.0
1533,-81.9,26.3,"26.3, -81.9",47.0
1534,-81.6,28.6,"28.6, -81.6",3.0
1535,-82.7,28.6,"28.6, -82.7",4.0
1536,-84.5,29.9,"29.9, -84.5",33.0
1537,-84.3,29.9,"29.9, -84.3",11.0
1538,-83.4,29.6,"29.6, -83.4",5.0
1539,-83.1,29.1,"29.1, -83.1",5.0
1540,-81.4,30.6,"30.6, -81.4",29.0
1541,-80.8,27.0,"27.0, -80.8",21.0
1542,-80.8,27.1,"27.1, -80.8",9.0
1543,-80.7,27.0,"27.0, -80.7",21.0
1544,-80.7,27.1,"27.1, -80.7",21.0
1545,-81.3,24.8,"24.8, -81.3",57.0
1546,-81.2,24.8,"24.8, -81.2",57.0
1547,-81.1,25.1,"25.1, -81.1",57.0
1548,-80.2,25.6,"25.6, -80.2",34.0
1549,-82.8,27.6,"27.6, -82.8",11.0
1550,-80.9,26.9,"26.9, -80.9",10.0
1551,-80.8,26.8,"26.8, -80.8",22.0
1552,-80.8,26.9,"26.9, -80.8",22.0
1553,-80.7,26.9,"26.9, -80.7",22.0
1554,-84.2,30.0,"30.0, -84.2",11.0
1555,-83.9,30.0,"30.0, -83.9",5.0
1556,-83.8,30.0,"30.0, -83.8",5.0
1557,-80.1,25.6,"25.6, -80.1",34.0
1558,-84.1,30.1,"30.1, -84.1",1.0
1559,-81.1,26.9,"26.9, -81.1",4.0
1560,-81.0,26.9,"26.9, -81.0",4.0
1561,-81.0,27.0,"27.0, -81.0",4.0
1562,-80.9,27.0,"27.0, -80.9",4.0
1563,-83.1,29.2,"29.2, -83.1",5.0
1564,-82.9,29.1,"29.1, -82.9",5.0
1565,-83.4,29.5,"29.5, -83.4",5.0
1566,-83.2,29.3,"29.3, -83.2",5.0
1567,-82.5,27.8,"27.8, -82.5",11.0
1568,-82.8,28.8,"28.8, -82.8",7.0
1569,-82.8,28.9,"28.9, -82.8",7.0
1570,-85.1,29.6,"29.6, -85.1",33.0
